timestamp,well_id,water_level,temperature,conductivity
2024-01-01 00:00:00,W01,49.66464280002374,15.601009547702683,521.3698864647566
2024-01-01 01:00:00,W02,48.376109821074905,12.29128569937966,764.102465723438
2024-01-01 02:00:00,W03,52.07451296977875,12.83949409773275,445.28424766137766
2024-01-01 03:00:00,W04,47.22874036554915,15.646924341941888,519.2111754891363
2024-01-01 04:00:00,W05,49.15925175968888,12.963654801689762,472.1538056215736
2024-01-01 05:00:00,W01,50.093788332331414,15.767945471769334,447.05253865703315
2024-01-01 06:00:00,W02,47.88899872931616,12.876766975635746,570.3632000240159
2024-01-01 07:00:00,W03,52.189784138981146,13.367398718474654,779.4694710224669
2024-01-01 08:00:00,W04,46.900772030159565,17.372482416387587,594.7355039578057
2024-01-01 09:00:00,W05,49.07919586961001,15.458289413156068,724.7310545945143
2024-01-01 10:00:00,W01,50.24261369021246,16.91935840472231,448.91518655028955
2024-01-01 11:00:00,W02,48.75364408385907,15.360257713696543,480.2455742753328
2024-01-01 12:00:00,W03,51.851036001059136,16.774160582419356,558.7145239079084
2024-01-01 13:00:00,W04,46.88006233355945,15.680737217358665,557.8200944144432
2024-01-01 14:00:00,W05,49.539430989983096,16.942406498816517,733.4785979308077
2024-01-01 15:00:00,W01,49.85551390292555,16.62980925256706,768.6521243940512
2024-01-01 16:00:00,W02,48.773715837764314,13.62837779717018,434.8946887168691
2024-01-01 17:00:00,W03,51.98895208005504,16.423161516607653,544.5070001015076
2024-01-01 18:00:00,W04,47.37033963105722,16.778394773584083,487.4853556634542
2024-01-01 19:00:00,W05,49.34382922400874,12.22163739100593,436.98772658813436
2024-01-01 20:00:00,W01,49.09617491295445,15.938931701170272,626.6545996228984
2024-01-01 21:00:00,W02,48.24427080942078,15.32072580343663,560.9061978142907
2024-01-01 22:00:00,W03,52.003370880170465,13.156742331316712,668.3671963407634
2024-01-01 23:00:00,W04,46.89459510360803,12.228344267924351,663.8996805662277
2024-01-02 00:00:00,W05,49.74927703439162,14.914927309956196,499.55100006305724
2024-01-02 01:00:00,W01,49.88377170916708,13.73882582179943,738.4967064089449
2024-01-02 02:00:00,W02,49.0135401216384,17.0945008150658,591.6383529060021
2024-01-02 03:00:00,W03,52.00400920923564,16.377199775032846,585.5386005633986
2024-01-02 04:00:00,W04,47.350072818227794,17.227388616516755,758.6562307966769
2024-01-02 05:00:00,W05,49.80820626689242,14.86241133227819,596.7442634450371
2024-01-02 06:00:00,W01,49.989133499676086,13.435275043867394,661.2384225542581
2024-01-02 07:00:00,W02,48.22182532950589,14.276100043794871,715.4129363632642
2024-01-02 08:00:00,W03,52.97429491154302,13.316386257520012,773.17567262892
2024-01-02 09:00:00,W04,47.51319940059717,13.543331864505914,761.9063327648634
2024-01-02 10:00:00,W05,49.04045493358996,13.62578397517688,563.3610053005298
2024-01-02 11:00:00,W01,49.89229776261897,17.70597139770115,508.9987020551465
2024-01-02 12:00:00,W02,48.562310151321036,15.910553015694283,464.44660151696803
2024-01-02 13:00:00,W03,52.48008814430997,14.494795434242153,500.2706228409896
2024-01-02 14:00:00,W04,46.82764365014248,14.604833492245845,537.2604200233226
2024-01-02 15:00:00,W05,49.73697353640291,16.645446737773877,404.2729340496807
2024-01-02 16:00:00,W01,49.74274274593503,14.08691409452485,774.1254237652189
2024-01-02 17:00:00,W02,48.58834124545638,13.45677271669422,418.2474023058925
2024-01-02 18:00:00,W03,51.864798491353355,14.98199821858514,548.4001300901355
2024-01-02 19:00:00,W04,47.21924647760184,13.813934945526931,445.3610005689614
2024-01-02 20:00:00,W05,49.2027586771328,16.219469474163027,436.9708080210684
2024-01-02 21:00:00,W01,49.98221108536847,13.71977590464449,620.3436829479944
2024-01-02 22:00:00,W02,49.01170408334548,16.966035210864526,685.8465468086217
2024-01-02 23:00:00,W03,51.8844729644587,17.685646745322675,724.2843960321561
2024-01-03 00:00:00,W04,46.93669441079146,16.454443180380594,653.9235399966296
2024-01-03 01:00:00,W05,49.35143430377525,15.735835467191773,570.6967815708734
2024-01-03 02:00:00,W01,50.000807376811125,13.084142755552653,611.7440629390794
2024-01-03 03:00:00,W02,48.601169239994704,15.533738024598694,787.0510692267259
2024-01-03 04:00:00,W03,52.32743259231022,17.811930208315072,643.1328838329437
2024-01-03 05:00:00,W04,46.99618646716792,16.810499418886543,631.3803771155316
2024-01-03 06:00:00,W05,49.53265127507095,13.624712768876861,594.6231396899071
2024-01-03 07:00:00,W01,50.062447144249475,17.480373219573437,796.5222135569784
2024-01-03 08:00:00,W02,48.79242877400009,15.06858613094057,622.8914166919212
2024-01-03 09:00:00,W03,52.61651573894052,12.30257195399575,682.1895430595528
2024-01-03 10:00:00,W04,46.7066787463485,15.76329291633845,575.2717286389299
2024-01-03 11:00:00,W05,49.826323005957136,15.400353045812963,447.14399485044896
2024-01-03 12:00:00,W01,49.771459419844774,15.970313860817619,796.3139832620211
2024-01-03 13:00:00,W02,48.44574737798048,15.585639279077327,638.3355024499875
2024-01-03 14:00:00,W03,52.047056534767194,17.908329663433626,727.7834253376645
2024-01-03 15:00:00,W04,47.23126800332126,14.529160586582822,565.7104400494775
2024-01-03 16:00:00,W05,49.57894585268867,16.492499143491166,743.57171582091
2024-01-03 17:00:00,W01,50.094870468345796,14.817718107261923,581.7716778567778
2024-01-03 18:00:00,W02,48.900965760575644,16.671647183901364,730.4978908451942
2024-01-03 19:00:00,W03,52.382901385427765,13.829449541561488,402.8352320820851
2024-01-03 20:00:00,W04,46.59960185691403,17.131829782656894,778.5099813076013
2024-01-03 21:00:00,W05,50.16947603492294,16.633920898092335,593.5532927950785
2024-01-03 22:00:00,W01,50.48184412671366,13.757711527791802,443.42767718910625
2024-01-03 23:00:00,W02,48.82126355323395,14.31484879435404,612.5178278198164
2024-01-04 00:00:00,W03,52.23529827008874,17.429473761112177,702.3229162978873
2024-01-04 01:00:00,W04,47.386781323072036,13.824350265265993,602.4415879589842
2024-01-04 02:00:00,W05,49.24701875046705,12.794674543776274,668.4457640897788
2024-01-04 03:00:00,W01,50.1652027057491,12.206665669212905,411.7188131232992
2024-01-04 04:00:00,W02,48.6744137225854,16.41360069573151,752.0501733541078
2024-01-04 05:00:00,W03,51.608846596915164,13.814710892159223,690.4889878252836
2024-01-04 06:00:00,W04,47.609930129301034,13.55125397009978,556.8376702150568
2024-01-04 07:00:00,W05,49.70506334320129,17.52453300549835,422.2244414228351
2024-01-04 08:00:00,W01,50.362113479764176,17.560433428362465,711.2840459556636
2024-01-04 09:00:00,W02,48.994436588990986,14.99261504216989,580.3307140229384
2024-01-04 10:00:00,W03,52.51067467714009,14.330964707420218,789.7199902644668
2024-01-04 11:00:00,W04,47.11784340365106,12.008933044978189,541.1751028015091
2024-01-04 12:00:00,W05,49.40073191047296,16.115942311142256,635.3225978242572
2024-01-04 13:00:00,W01,50.039024208151815,14.573008802279567,733.8228266848604
2024-01-04 14:00:00,W02,48.58639877957498,13.405804840784704,478.5003344041595
2024-01-04 15:00:00,W03,52.276232248074066,15.194970029792582,768.8047529836676
2024-01-04 16:00:00,W04,46.914214328158586,14.139790902619303,462.50059722821516
2024-01-04 17:00:00,W05,49.12823626222085,14.844764541184821,736.2988809975162
2024-01-04 18:00:00,W01,49.93565793116483,17.70837872503123,433.7634094675684
2024-01-04 19:00:00,W02,48.31460869194278,12.273192774528049,473.8972137068421
2024-01-04 20:00:00,W03,51.672167672816734,15.231827819943874,452.35187987016224
2024-01-04 21:00:00,W04,46.335761154479954,12.237759372008295,586.2048994128118
2024-01-04 22:00:00,W05,49.453183077217304,12.207160236874177,633.0479744508509
2024-01-04 23:00:00,W01,50.45162711406036,12.320793086530403,682.4043276608983
2024-01-05 00:00:00,W02,48.54513903314478,15.175145611190024,779.037038785395
2024-01-05 01:00:00,W03,52.20423015373857,13.432428572677527,441.4283610002326
2024-01-05 02:00:00,W04,47.023968412091456,13.116761253478725,525.9817502908236
2024-01-05 03:00:00,W05,49.329349460256346,13.08155135929538,704.409332482608
2024-01-05 04:00:00,W01,49.50244316621148,14.883510659620324,529.2678047778168
2024-01-05 05:00:00,W02,48.173543875223935,15.13878150618495,731.0087150593465
2024-01-05 06:00:00,W03,51.83051025422801,14.765589197483237,489.6871890059288
2024-01-05 07:00:00,W04,47.004315083078005,15.468319161936675,545.0632876491762
2024-01-05 08:00:00,W05,49.76302749652287,15.5388832623334,546.8580824528206
2024-01-05 09:00:00,W01,49.885254404360374,15.448873126728659,602.0334683666375
2024-01-05 10:00:00,W02,48.41270095140315,16.80857239632408,756.6700971427906
2024-01-05 11:00:00,W03,51.83231987041149,14.744000911240018,714.5012094076044
2024-01-05 12:00:00,W04,47.64394461202828,15.132596353037773,526.1658392858596
2024-01-05 13:00:00,W05,49.73790420580043,16.51301321583435,669.3090134749507
2024-01-05 14:00:00,W01,50.154455670516725,16.08470822414793,406.3685956254769
2024-01-05 15:00:00,W02,48.673241640257494,12.935302206808785,476.3788180221198
2024-01-05 16:00:00,W03,52.323908930033646,12.979517251817976,777.5198304395416
2024-01-05 17:00:00,W04,46.71978363436002,17.82877671603378,482.61644468092607
2024-01-05 18:00:00,W05,49.64529213292287,13.365705172783867,483.2612148501618
2024-01-05 19:00:00,W01,49.96682072786439,16.097121427156267,499.8049007053728
2024-01-05 20:00:00,W02,48.4864172471664,12.510763129287595,565.9143281991197
2024-01-05 21:00:00,W03,51.91229652196096,14.05107485521357,734.6681716714783
2024-01-05 22:00:00,W04,47.16214321483576,14.12532277024942,783.8918604043464
2024-01-05 23:00:00,W05,49.68587238187697,13.18597276473646,715.7317927351221
2024-01-06 00:00:00,W01,50.49994789543144,15.248159883432676,429.3445802360533
2024-01-06 01:00:00,W02,48.641955282560424,14.505022215508907,495.6760989641327
2024-01-06 02:00:00,W03,52.64360198350386,12.14504080309963,639.356903344488
2024-01-06 03:00:00,W04,46.75069116160174,13.62208945044166,615.2406016026682
2024-01-06 04:00:00,W05,49.67026818751861,16.473134210185812,686.0391254119414
2024-01-06 05:00:00,W01,49.96721424331988,15.328729141642743,757.9512494383473
2024-01-06 06:00:00,W02,48.72189442285744,14.713845960968154,582.8414915080698
2024-01-06 07:00:00,W03,51.92767441975522,13.338974015393422,779.1463816264082
2024-01-06 08:00:00,W04,47.68468701457497,13.204188245317463,757.7002775814842
2024-01-06 09:00:00,W05,49.36942664724888,17.290155685555508,654.4882292732508
2024-01-06 10:00:00,W01,50.14500278283547,16.303634483318678,490.45783638900605
2024-01-06 11:00:00,W02,48.275919176196375,12.944798932408071,521.3157411910225
2024-01-06 12:00:00,W03,51.98385551277492,14.21120162989968,695.5265192290257
2024-01-06 13:00:00,W04,46.782195376013725,12.386768476791403,465.1760046113487
2024-01-06 14:00:00,W05,49.85935619725863,13.248907599269433,530.5541785771966
2024-01-06 15:00:00,W01,50.374092331312966,12.061618167674476,544.7633714046307
2024-01-06 16:00:00,W02,48.855664285385316,14.481559676551644,453.7499816513525
2024-01-06 17:00:00,W03,52.50112856288181,12.497698229262141,643.0361557541206
2024-01-06 18:00:00,W04,47.29974719343286,13.350303519811355,589.674221897196
2024-01-06 19:00:00,W05,49.80491023844246,15.475597942840045,557.1708786088479
2024-01-06 20:00:00,W01,50.29983353496134,16.960087290264873,644.8810276643006
2024-01-06 21:00:00,W02,48.446010896153894,13.03457467418793,467.77122507010887
2024-01-06 22:00:00,W03,52.39373534838621,13.626648015412309,677.1699077664055
2024-01-06 23:00:00,W04,47.20962802754219,16.778355437697115,505.3759273853374
2024-01-07 00:00:00,W05,49.911231819746796,12.10725063997646,608.3994200376069
2024-01-07 01:00:00,W01,49.8761866367618,16.26876949775542,474.8205911876049
2024-01-07 02:00:00,W02,48.9709547444505,12.672721477576768,422.1552108906633
2024-01-07 03:00:00,W03,51.75532044939224,17.70695021398066,409.91198363737675
2024-01-07 04:00:00,W04,46.98192565074766,12.361790565696385,442.4073251205057
2024-01-07 05:00:00,W05,49.765657517767025,15.60416804639488,563.3484581553414
2024-01-07 06:00:00,W01,50.10582850893554,15.834639268816709,431.8442300826022
2024-01-07 07:00:00,W02,48.918689675353356,17.24375425736015,774.4850469533598
2024-01-07 08:00:00,W03,51.96012037719131,15.869241765756119,722.4719425894192
2024-01-07 09:00:00,W04,47.645305456273704,17.761828777953973,729.9722857683298
2024-01-07 10:00:00,W05,49.67611890641366,12.98914143270771,659.0361737022798
2024-01-07 11:00:00,W01,50.45177183066671,14.470995656840081,770.6422667563562
2024-01-07 12:00:00,W02,48.46847433719897,16.641967097028832,591.9722852190378
2024-01-07 13:00:00,W03,52.37072822928142,14.624641870324414,693.3077498974948
2024-01-07 14:00:00,W04,47.627508494238484,17.004684241173628,616.9605253253503
2024-01-07 15:00:00,W05,49.68902136028052,12.965413923377078,434.25808129846166
2024-01-07 16:00:00,W01,50.40384371436692,14.782603439022374,501.88807830958547
2024-01-07 17:00:00,W02,48.960382793828046,16.23881160592076,448.8261713109056
2024-01-07 18:00:00,W03,52.23487052860719,12.633506157356118,570.1457445746044
2024-01-07 19:00:00,W04,46.78238381171682,17.135397720945626,543.6402130697012
2024-01-07 20:00:00,W05,49.91790337228702,12.476387815951888,501.4699393173331
2024-01-07 21:00:00,W01,50.1408905166532,17.632126696005667,670.7976285019806
2024-01-07 22:00:00,W02,48.58424840806765,13.041511733555133,433.39684090493404
2024-01-07 23:00:00,W03,52.107750734491056,12.352021180539703,746.2270208389414
2024-01-08 00:00:00,W04,47.0054209946386,15.758347128083233,502.26760757154415
2024-01-08 01:00:00,W05,49.85635089177015,16.81148376020652,633.6846895190399
2024-01-08 02:00:00,W01,50.39106908699013,12.2737387539597,579.8728943082001
2024-01-08 03:00:00,W02,48.603281087308886,15.083142700495166,600.720115723771
2024-01-08 04:00:00,W03,52.50458463010351,13.81536889734574,686.5688652622175
2024-01-08 05:00:00,W04,47.53307775696111,17.340909228478317,599.2064424569605
2024-01-08 06:00:00,W05,49.91564406511198,15.348437310489977,708.9366166999359
2024-01-08 07:00:00,W01,49.95042345060232,17.878059043636355,612.4874445757212
2024-01-08 08:00:00,W02,48.82969717304009,13.231107470175424,712.3526445320347
2024-01-08 09:00:00,W03,51.84819869471692,15.605736819374801,527.8712036131182
2024-01-08 10:00:00,W04,47.214848160713366,16.029547318072876,564.997264300954
2024-01-08 11:00:00,W05,49.85165952791883,12.660415015328255,484.0848551284149
2024-01-08 12:00:00,W01,50.0410490057302,12.883433339280593,665.8767440893839
2024-01-08 13:00:00,W02,48.246216464153136,15.780080685947489,614.4875457268856
2024-01-08 14:00:00,W03,52.323801660139594,13.757896007654315,480.4409945499359
2024-01-08 15:00:00,W04,46.74167172825729,17.5126005518565,432.89726057733
2024-01-08 16:00:00,W05,49.498143948327424,13.969319474886362,587.8232760971164
2024-01-08 17:00:00,W01,50.06430044027982,14.830402218802082,428.8418047985893
2024-01-08 18:00:00,W02,48.84816006930737,16.3203420372487,643.5640000598178
2024-01-08 19:00:00,W03,52.68371259162495,13.308010191228131,649.0679682184932
2024-01-08 20:00:00,W04,47.34151124010567,13.824971130310349,443.0840082435226
2024-01-08 21:00:00,W05,49.47308334989512,12.048632482637792,691.8082269782508
2024-01-08 22:00:00,W01,50.23020647603276,14.017756177945245,760.7315754876013
2024-01-08 23:00:00,W02,48.6974261718464,17.258120091009935,438.8260745372872
2024-01-09 00:00:00,W03,52.13156167941059,17.882135766611576,718.4109086252892
2024-01-09 01:00:00,W04,47.191350254674546,14.057394264619997,467.51449715310935
2024-01-09 02:00:00,W05,49.79782971025117,16.536852644473093,440.4813847716547
2024-01-09 03:00:00,W01,50.31354261589584,14.552726524694787,705.5820224030558
2024-01-09 04:00:00,W02,49.030967202820236,17.587194731668475,646.9200213660199
2024-01-09 05:00:00,W03,52.676667954775986,14.229587495670277,405.9659539096925
2024-01-09 06:00:00,W04,47.27923891777566,14.510142392494858,472.7516967708232
2024-01-09 07:00:00,W05,49.24764054634242,14.480157819352938,727.5201192689563
2024-01-09 08:00:00,W01,50.31794169987338,14.289914253224207,415.09053050037244
2024-01-09 09:00:00,W02,48.710552504272876,12.786662527436514,545.8302152342826
2024-01-09 10:00:00,W03,52.774428296099565,13.204060891225836,428.46717681278074
2024-01-09 11:00:00,W04,47.34373620685986,15.860532111903009,642.9630193117479
2024-01-09 12:00:00,W05,49.61414283429792,15.748126477306293,476.7040239738597
2024-01-09 13:00:00,W01,50.15788813257684,16.31443906784035,468.8285146405758
2024-01-09 14:00:00,W02,49.085981982923265,12.242012496090616,456.24232200262077
2024-01-09 15:00:00,W03,52.515960149225364,14.773572870322953,445.23934428945313
2024-01-09 16:00:00,W04,47.33644188748292,15.525678150937672,785.3469162564642
2024-01-09 17:00:00,W05,49.2868196017887,15.860414996700177,628.3339445597414
2024-01-09 18:00:00,W01,50.016134657643626,14.183655709090935,445.04734406647765
2024-01-09 19:00:00,W02,49.18455721428908,13.611472787742217,668.6745974214033
2024-01-09 20:00:00,W03,52.708573428614486,13.137547900607794,789.3057500758678
2024-01-09 21:00:00,W04,47.36878799756302,12.993908616429076,746.5738002086864
2024-01-09 22:00:00,W05,49.62720645658213,15.752193042413648,558.3555521805054
2024-01-09 23:00:00,W01,50.629333322868256,15.174489748651975,606.0526478901855
2024-01-10 00:00:00,W02,48.89109639761292,16.48762093817241,662.3823365978853
2024-01-10 01:00:00,W03,52.2426349891998,16.323863463938366,436.43164156319136
2024-01-10 02:00:00,W04,47.77198994940265,17.050938000402226,472.79076165806697
2024-01-10 03:00:00,W05,50.23479926571283,13.523881889408914,564.6245258785209
2024-01-10 04:00:00,W01,50.420908774310774,17.75030668726009,742.1383807130699
2024-01-10 05:00:00,W02,49.04899136602118,16.036224327528636,469.443310268651
2024-01-10 06:00:00,W03,51.889302424240455,15.342238465217168,680.6396083687987
2024-01-10 07:00:00,W04,46.823394666802606,14.08823696744636,743.885670903436
2024-01-10 08:00:00,W05,49.64503329263975,13.835455762556695,798.0336131863805
2024-01-10 09:00:00,W01,50.552802466030194,13.241797891807405,648.4761960296561
2024-01-10 10:00:00,W02,48.44837763548743,13.76292042799211,584.3499847545891
2024-01-10 11:00:00,W03,52.406424509999525,13.01519780623676,751.6777258974801
2024-01-10 12:00:00,W04,47.42874925358851,14.623400130507612,539.5174529062978
2024-01-10 13:00:00,W05,49.93113178585688,17.028990576096774,494.6479558587921
2024-01-10 14:00:00,W01,49.8721498886971,13.110489924061818,755.4046445163251
2024-01-10 15:00:00,W02,49.34425053525,16.388650306568326,467.8975406464524
2024-01-10 16:00:00,W03,52.203739957925194,13.508143103296593,654.5854795350072
2024-01-10 17:00:00,W04,47.021366804623376,12.24712654814665,745.2658735659629
2024-01-10 18:00:00,W05,49.78218876979976,15.154477959053708,715.6397084741369
2024-01-10 19:00:00,W01,50.71544753759388,16.442703290415373,554.9382741602244
2024-01-10 20:00:00,W02,48.33129216455638,12.70375682642218,531.8264957908597
2024-01-10 21:00:00,W03,52.582185210780004,15.752060145358255,521.5348996858492
2024-01-10 22:00:00,W04,47.00904735860517,12.28942816711697,505.2339675301336
2024-01-10 23:00:00,W05,49.39110534319804,14.36093096482464,779.7778826068019
2024-01-11 00:00:00,W01,50.76511566702309,13.804471853324515,527.2202269171394
2024-01-11 01:00:00,W02,48.286126741654236,12.66824992843557,488.3907093324992
2024-01-11 02:00:00,W03,52.15808495340504,12.724785322597196,521.4576088993467
2024-01-11 03:00:00,W04,47.36016005172201,12.455576313164135,601.6706493873709
2024-01-11 04:00:00,W05,49.46036128875746,16.972632329604345,711.1619035910912
2024-01-11 05:00:00,W01,50.244207574560335,16.161172885883268,601.1141274721792
2024-01-11 06:00:00,W02,49.0833637654483,14.845162417162003,622.5987049574794
2024-01-11 07:00:00,W03,51.9953707231979,14.729213873153643,630.8215412359567
2024-01-11 08:00:00,W04,46.967044573927836,14.641974363185515,437.0174202877766
2024-01-11 09:00:00,W05,49.82843959529931,16.203385690734528,703.2130944853525
2024-01-11 10:00:00,W01,50.24936785307187,17.454647209697924,624.0027339072019
2024-01-11 11:00:00,W02,48.793779817276686,17.413682963936402,570.4166866325497
2024-01-11 12:00:00,W03,52.16908024222849,16.04428644543014,540.7806672436128
2024-01-11 13:00:00,W04,47.053601768165045,16.207779958203396,602.1376960276017
2024-01-11 14:00:00,W05,49.75776466853791,15.133226395468828,508.1296145476498
2024-01-11 15:00:00,W01,50.57222617217378,13.433132529829953,538.0557148381283
2024-01-11 16:00:00,W02,48.93629311161645,12.360085968535682,435.2118105434562
2024-01-11 17:00:00,W03,52.52103482816917,15.965093300455152,445.9544463372011
2024-01-11 18:00:00,W04,46.99567448923995,17.751125032072746,756.2457233559105
2024-01-11 19:00:00,W05,49.93622495900879,12.541624839487177,501.6868273808328
2024-01-11 20:00:00,W01,49.929694301529175,16.544362105453438,771.2186510589468
2024-01-11 21:00:00,W02,48.715093103331974,16.873668363556686,579.6168812397087
2024-01-11 22:00:00,W03,52.665342641120795,15.807622782998706,651.0375421688057
2024-01-11 23:00:00,W04,47.141234592527844,16.8570508650482,717.8506703990599
2024-01-12 00:00:00,W05,49.533379056646865,16.682197509487224,507.78283314764917
2024-01-12 01:00:00,W01,49.951537403405766,16.843194422496396,493.2843511346812
2024-01-12 02:00:00,W02,48.84801437127617,13.189833509641725,531.4592367760793
2024-01-12 03:00:00,W03,51.82777847479008,14.241653766943625,604.4444793591734
2024-01-12 04:00:00,W04,47.84290106514302,13.927771858219884,444.7333091635394
2024-01-12 05:00:00,W05,50.07828950370825,15.025277148580997,449.0006613527171
2024-01-12 06:00:00,W01,50.43160838678259,14.882657863843248,680.3845771210215
2024-01-12 07:00:00,W02,49.34399115973283,17.21229797226509,755.2829378276317
2024-01-12 08:00:00,W03,52.43920429224244,12.94273778786188,599.1937055592269
2024-01-12 09:00:00,W04,47.23209070870833,15.95464758711052,728.9745567789857
2024-01-12 10:00:00,W05,50.53824621464837,14.082990206292937,440.0221985045202
2024-01-12 11:00:00,W01,50.16477239526958,17.787889107417588,729.7495304832319
2024-01-12 12:00:00,W02,48.30077465851262,16.193547167527626,406.6107770485044
2024-01-12 13:00:00,W03,52.750607553417034,14.281827603563459,652.2672676459047
2024-01-12 14:00:00,W04,47.15244516309967,15.744562240291469,688.8319383563821
2024-01-12 15:00:00,W05,49.71905089509598,15.596440019658539,607.9705012650463
2024-01-12 16:00:00,W01,50.31461087716614,15.84665555856384,504.749048386457
2024-01-12 17:00:00,W02,49.12751730222338,13.803193316816202,545.9628775235491
2024-01-12 18:00:00,W03,52.45148584405145,16.973897570686866,428.5558129095122
2024-01-12 19:00:00,W04,47.22129321616313,15.432840985728719,432.3555667987279
2024-01-12 20:00:00,W05,49.52302282303033,14.010005394973703,545.1976793818731
2024-01-12 21:00:00,W01,50.30547450385366,15.487220568367878,442.2247498410794
2024-01-12 22:00:00,W02,48.332951876494256,13.69775363063815,680.6099834970332
2024-01-12 23:00:00,W03,52.2316326570195,12.792540600449676,733.3113163372445
2024-01-13 00:00:00,W04,47.55199028231744,13.543285915401395,458.31935237576886
2024-01-13 01:00:00,W05,49.614575437655425,15.04710998369296,438.5222286945563
2024-01-13 02:00:00,W01,50.476897192148826,12.792642829834262,521.2524940706911
2024-01-13 03:00:00,W02,48.61431641800439,14.520032729687308,416.0752871770327
2024-01-13 04:00:00,W03,52.28444401491516,12.203502775020784,760.4954966277799
2024-01-13 05:00:00,W04,47.71934283632772,13.107141507952015,769.357299511174
2024-01-13 06:00:00,W05,49.673494495350496,13.090847753242482,749.2721856706055
2024-01-13 07:00:00,W01,50.572575106371936,13.16298174344339,536.7502266777758
2024-01-13 08:00:00,W02,48.747776216469376,14.161240481086407,463.9508493363531
2024-01-13 09:00:00,W03,52.64262421866662,16.21233552738675,641.5938865482658
2024-01-13 10:00:00,W04,47.28390801077296,15.21344219488987,562.4392592797965
2024-01-13 11:00:00,W05,49.882816253745105,13.312072515165251,647.3589058476616
2024-01-13 12:00:00,W01,49.993406283109415,12.21628048796831,438.1341479652889
2024-01-13 13:00:00,W02,48.477051473788194,16.935192449982353,540.756797305834
2024-01-13 14:00:00,W03,52.24701082403611,13.280085975389262,540.7264519984947
2024-01-13 15:00:00,W04,47.516151947976375,12.130913728280094,524.3983735708243
2024-01-13 16:00:00,W05,50.01843126829111,15.105097362707388,733.3034240589604
2024-01-13 17:00:00,W01,50.468415861947825,12.3529020110815,591.4123497539581
2024-01-13 18:00:00,W02,48.69838592815133,14.85225957349373,423.7643526341844
2024-01-13 19:00:00,W03,52.9830758782078,16.063618545568087,459.0971815612043
2024-01-13 20:00:00,W04,47.50781290054518,15.599550703352318,624.5608973987535
2024-01-13 21:00:00,W05,50.326366092402964,13.153831383599758,590.1508584749199
2024-01-13 22:00:00,W01,50.52501592624492,15.87209386866375,684.8182745355515
2024-01-13 23:00:00,W02,48.646532123525915,16.771383610684545,596.1883376065377
2024-01-14 00:00:00,W03,52.31793569453227,12.898181256749004,750.7993402098
2024-01-14 01:00:00,W04,47.73553075475371,17.013940705056292,494.5299006853109
2024-01-14 02:00:00,W05,50.07119965025701,13.830400931720748,777.6129169141805
2024-01-14 03:00:00,W01,50.76539793850986,13.543919502648393,478.5921805427258
2024-01-14 04:00:00,W02,49.29569115944427,15.573382227612099,428.28551764478715
2024-01-14 05:00:00,W03,52.248961952401544,14.149397603196613,763.5956945290978
2024-01-14 06:00:00,W04,47.439723180800044,12.611388783244607,425.97360266183455
2024-01-14 07:00:00,W05,50.073645578792174,15.448174026432476,742.0172177328418
2024-01-14 08:00:00,W01,50.57252922179517,13.89356290228112,595.8349069918709
2024-01-14 09:00:00,W02,48.62243178291709,15.626867073050432,469.97207862440536
2024-01-14 10:00:00,W03,52.12170744585527,14.336310762526855,679.3817945834315
2024-01-14 11:00:00,W04,47.42985500455972,15.416465262952919,527.5170897106566
2024-01-14 12:00:00,W05,49.70173406411023,17.812345764924434,582.6688451381115
2024-01-14 13:00:00,W01,50.23900461955821,17.418036204637055,701.9127374459047
2024-01-14 14:00:00,W02,48.69758015538321,17.80452626807977,487.67233137081024
2024-01-14 15:00:00,W03,52.349689316484984,15.425947889233873,749.4982803420727
2024-01-14 16:00:00,W04,47.145807872129744,13.009142651813569,612.9033878861196
2024-01-14 17:00:00,W05,49.7567358300013,16.101654061647213,732.5754406731689
2024-01-14 18:00:00,W01,50.264228364125984,17.94185148193526,463.63787527115187
2024-01-14 19:00:00,W02,48.759949237703445,17.453941646751566,535.2825641889649
2024-01-14 20:00:00,W03,52.6199845509505,16.818166902029468,753.4819120527329
2024-01-14 21:00:00,W04,47.563924691638775,14.722553596986147,504.19421312333844
2024-01-14 22:00:00,W05,49.688403393092706,14.489511964443661,744.0711131259418
2024-01-14 23:00:00,W01,50.36442934814998,16.02757150118954,646.160694247475
2024-01-15 00:00:00,W02,49.04062715165388,13.922824915076813,644.8878637267925
2024-01-15 01:00:00,W03,52.29776774118372,14.582612797772,427.6429733883848
2024-01-15 02:00:00,W04,47.49587088560626,14.47845439816,795.8313479601518
2024-01-15 03:00:00,W05,50.14942110898345,13.400375239046447,453.86813961742064
2024-01-15 04:00:00,W01,50.723746705193626,14.69091152964755,425.3193734374229
2024-01-15 05:00:00,W02,48.94982494569804,15.710191575601508,551.4920157268007
2024-01-15 06:00:00,W03,52.673189792072804,16.517844008705815,473.8390119162088
2024-01-15 07:00:00,W04,47.57236663715359,17.925344006834848,455.50161528665046
2024-01-15 08:00:00,W05,49.55107839692828,16.48265406605696,520.0252513438954
2024-01-15 09:00:00,W01,50.47189661159795,13.197281529170489,617.1472473415001
2024-01-15 10:00:00,W02,49.03255444019493,13.545970498756166,516.1746674321976
2024-01-15 11:00:00,W03,51.974702761532825,15.049771245550057,622.4691331546703
2024-01-15 12:00:00,W04,47.382637386967446,13.445907484720175,407.21944649750156
2024-01-15 13:00:00,W05,50.5185378649256,12.608082569789703,496.9151793278803
2024-01-15 14:00:00,W01,50.852316917112724,13.454463640315046,647.5326698691383
2024-01-15 15:00:00,W02,48.60883253144016,13.064464721315062,673.5259194921534
2024-01-15 16:00:00,W03,52.20709310266969,15.4749638339476,400.7782263617433
2024-01-15 17:00:00,W04,47.45090228179891,16.010350039352364,552.963603075375
2024-01-15 18:00:00,W05,49.3957885698471,14.35180859841221,475.96113170303795
2024-01-15 19:00:00,W01,50.46098171925891,15.701532840156249,527.5120163512643
2024-01-15 20:00:00,W02,49.29744630842678,15.154067166775949,519.4198694127352
2024-01-15 21:00:00,W03,52.48379028820128,13.730408279519244,582.8336668509857
2024-01-15 22:00:00,W04,47.55649892201953,14.616114807954688,792.5560059738993
2024-01-15 23:00:00,W05,50.105442977250554,15.367745306593278,562.4460512216688
2024-01-16 00:00:00,W01,50.38203048514223,15.240171368444722,704.549335166048
2024-01-16 01:00:00,W02,49.166472822741326,15.758143716008284,570.2864136104747
2024-01-16 02:00:00,W03,52.32882613586423,16.130451479786448,713.7850833119026
2024-01-16 03:00:00,W04,47.81747953600394,14.254249302501577,592.7668266121098
2024-01-16 04:00:00,W05,50.56310901751818,12.054721787352982,586.1769544439508
2024-01-16 05:00:00,W01,50.66335316657708,12.422084357234208,668.6293675925165
2024-01-16 06:00:00,W02,49.3689108191181,17.572547280421198,422.214094994075
2024-01-16 07:00:00,W03,52.06662858967563,14.60747479638133,654.6831668911973
2024-01-16 08:00:00,W04,47.57276761918782,13.263223998653473,698.0506908338184
2024-01-16 09:00:00,W05,49.99515006137369,16.16077878353659,617.9765998172547
2024-01-16 10:00:00,W01,50.676070856240976,12.088926111656354,568.9774545328661
2024-01-16 11:00:00,W02,48.86358692514968,17.640541676377296,636.0241698359199
2024-01-16 12:00:00,W03,52.39439525808266,15.034412090757531,795.3630479261649
2024-01-16 13:00:00,W04,47.32676052417777,13.558346763399957,493.8936240530013
2024-01-16 14:00:00,W05,50.12161543352492,15.786993080145077,729.087158985566
2024-01-16 15:00:00,W01,51.071972310976065,14.686459345861445,533.4735113954418
2024-01-16 16:00:00,W02,48.754546615673924,14.938144172359998,413.34215026497696
2024-01-16 17:00:00,W03,52.283359296190895,12.454387055965736,443.43046730680555
2024-01-16 18:00:00,W04,47.525185141160335,13.946841808267028,504.07550361288156
2024-01-16 19:00:00,W05,50.32415714079194,16.281936095496164,698.8893490023954
2024-01-16 20:00:00,W01,50.23799334494618,12.468775758442256,554.694948584651
2024-01-16 21:00:00,W02,49.12463260529765,12.294862405388656,640.5906042909215
2024-01-16 22:00:00,W03,52.311674433934485,13.35417233362856,615.1576989572998
2024-01-16 23:00:00,W04,47.70908497511441,16.338170384528954,742.9919474174887
2024-01-17 00:00:00,W05,50.040752817693864,17.92714665648102,711.4399952382468
2024-01-17 01:00:00,W01,50.7419028454826,13.334374214769465,755.2040702161898
2024-01-17 02:00:00,W02,49.39732986321409,14.473908649017499,412.8299155104146
2024-01-17 03:00:00,W03,52.53716907450099,14.93513007412305,514.5436988257228
2024-01-17 04:00:00,W04,47.800373170976506,17.878154279989033,424.9243998097098
2024-01-17 05:00:00,W05,49.64778205967283,13.869409867643983,723.746593347754
2024-01-17 06:00:00,W01,50.969740054383344,13.173598287284541,784.3091236599591
2024-01-17 07:00:00,W02,49.01481371757997,16.56694631617653,596.3054378235337
2024-01-17 08:00:00,W03,52.52718678100715,14.981994540740015,701.4732744092602
2024-01-17 09:00:00,W04,47.0767045362797,16.011835980047792,768.1162640400233
2024-01-17 10:00:00,W05,50.24666171254165,15.010141992783092,461.5777586191467
2024-01-17 11:00:00,W01,50.47504435157509,12.415074658043816,461.3863731472098
2024-01-17 12:00:00,W02,49.33456103042261,12.54186386183218,457.3918361520251
2024-01-17 13:00:00,W03,52.59262149695877,16.879812952334852,746.0520062205696
2024-01-17 14:00:00,W04,47.861673840631454,14.257009102835646,713.1353473358454
2024-01-17 15:00:00,W05,50.363048382659244,15.395582567451118,547.8717983419426
2024-01-17 16:00:00,W01,50.17553520626556,17.979621084736635,413.3362692799485
2024-01-17 17:00:00,W02,48.9260185008431,13.53337403983426,440.4953147104909
2024-01-17 18:00:00,W03,52.69328638369814,15.052369390934627,458.52202836368525
2024-01-17 19:00:00,W04,47.67185372587174,13.219683690584477,717.9771360789498
2024-01-17 20:00:00,W05,50.18190625203867,14.056067189502086,425.60791846971944
2024-01-17 21:00:00,W01,50.241261684097,12.56031043776663,420.808040710725
2024-01-17 22:00:00,W02,48.53321009903051,14.403500835414873,522.6663728346675
2024-01-17 23:00:00,W03,52.40471921736118,13.554497630431886,496.3320540363943
2024-01-18 00:00:00,W04,47.962453794402364,15.157470806345806,618.5213883072566
2024-01-18 01:00:00,W05,49.60937758205854,17.45236097714853,539.3920551079792
2024-01-18 02:00:00,W01,50.30323669799077,12.316032432304656,591.3285540174217
2024-01-18 03:00:00,W02,48.911354892102516,17.943799422617627,557.5635388635648
2024-01-18 04:00:00,W03,52.91265496903407,12.751582479169427,637.8812762782735
2024-01-18 05:00:00,W04,47.59321184126404,15.648202525094787,471.5759594701701
2024-01-18 06:00:00,W05,49.773648882042465,14.228899202010354,524.1691168304792
2024-01-18 07:00:00,W01,50.606583593769244,14.691752390159145,648.9787204352848
2024-01-18 08:00:00,W02,48.93648839183651,14.78327264910814,573.4855124913961
2024-01-18 09:00:00,W03,52.321765522753985,14.60471067569107,501.4354219720062
2024-01-18 10:00:00,W04,47.44899838681542,14.540406004997308,679.5017214245566
2024-01-18 11:00:00,W05,50.42229495916798,16.61446369551515,570.3588546172298
2024-01-18 12:00:00,W01,50.680903012098256,12.289540674329311,663.8128701709825
2024-01-18 13:00:00,W02,49.61877751185304,14.763466245638963,743.0798947019789
2024-01-18 14:00:00,W03,52.364660443424285,15.72429889569348,620.6262583479576
2024-01-18 15:00:00,W04,47.443462002374766,14.793195240578637,577.7044916466119
2024-01-18 16:00:00,W05,50.182697770571295,12.38850295789922,626.2391114867561
2024-01-18 17:00:00,W01,50.42540521195274,14.243082090927295,474.67510934259064
2024-01-18 18:00:00,W02,49.53803943774005,17.59205208925816,554.752344880568
2024-01-18 19:00:00,W03,52.26400332814321,12.70763316620873,515.6466248746756
2024-01-18 20:00:00,W04,47.67169335503204,14.368558655262326,505.535215241255
2024-01-18 21:00:00,W05,49.925691176049696,13.998393760809298,655.2138489878457
2024-01-18 22:00:00,W01,50.43966154032393,16.539105320707364,675.0939039463126
2024-01-18 23:00:00,W02,49.46271907979804,13.416280448566871,580.6406857692011
2024-01-19 00:00:00,W03,52.57035685182103,12.413962174853358,546.4938598716507
2024-01-19 01:00:00,W04,47.786193881496914,17.552671104561963,426.79261648233233
2024-01-19 02:00:00,W05,49.99238988631834,15.687255730783653,695.4197530250513
2024-01-19 03:00:00,W01,50.11329570129828,13.307391874241901,792.7258255904196
2024-01-19 04:00:00,W02,49.39352588689571,12.919578329446695,795.2124827229409
2024-01-19 05:00:00,W03,52.490641990464376,14.20037392775015,513.7277518475812
2024-01-19 06:00:00,W04,47.39371661534891,12.4455724093858,589.0738537552478
2024-01-19 07:00:00,W05,49.89025268717146,13.008373045542367,494.90202914544125
2024-01-19 08:00:00,W01,50.32762111274972,16.112001655669136,424.58027920846575
2024-01-19 09:00:00,W02,49.05221711473274,17.87328102616549,571.583149918541
2024-01-19 10:00:00,W03,53.40538870441966,14.883363277706865,758.4997902204711
2024-01-19 11:00:00,W04,47.26564401136695,15.477494972676421,715.3972304464088
2024-01-19 12:00:00,W05,49.88189157082047,14.757040892759992,452.82923927278836
2024-01-19 13:00:00,W01,50.63775508271806,12.210907611533617,665.156214177344
2024-01-19 14:00:00,W02,49.178385417110505,14.078829277422678,789.4511469945323
2024-01-19 15:00:00,W03,51.85102929301659,14.853914470917765,542.9022465234932
2024-01-19 16:00:00,W04,47.12174033148097,12.358118406314578,642.4366046203487
2024-01-19 17:00:00,W05,50.03717049848504,13.39515889069734,628.5306262796927
2024-01-19 18:00:00,W01,50.4938035454941,16.730460370322717,666.5663222562725
2024-01-19 19:00:00,W02,48.38037935498893,17.59737965578368,484.6310493062059
2024-01-19 20:00:00,W03,52.74719389787709,12.732504270877218,767.108785903818
2024-01-19 21:00:00,W04,46.80328350836998,15.169286725692245,421.68732518401293
2024-01-19 22:00:00,W05,50.72841310906974,17.95288491537192,691.2804923013382
2024-01-19 23:00:00,W01,50.137313337804166,12.439043905856426,772.5472754327632
2024-01-20 00:00:00,W02,49.08316540727186,16.40894361448447,735.1058327261785
2024-01-20 01:00:00,W03,52.77889856847882,17.09121943885652,670.5418235812194
2024-01-20 02:00:00,W04,47.53139627438248,15.956412082511072,721.969866340906
2024-01-20 03:00:00,W05,49.46172117104023,14.010646760428607,633.8076364381743
2024-01-20 04:00:00,W01,50.24750417013493,13.989135206588728,534.5221255774393
2024-01-20 05:00:00,W02,49.0318629200327,13.852436198136703,573.5044295852437
2024-01-20 06:00:00,W03,52.69581369059311,12.857288231963352,533.6391720717743
2024-01-20 07:00:00,W04,47.22783565102671,14.954397403373306,546.5430805186313
2024-01-20 08:00:00,W05,49.88985965407038,12.023142893883842,704.4101127239244
2024-01-20 09:00:00,W01,50.432350282703226,15.44418286219529,439.6671878463628
2024-01-20 10:00:00,W02,48.804045571630176,14.576100769185324,587.9719156791674
2024-01-20 11:00:00,W03,52.45182703462386,13.67058629574346,695.1980892034362
2024-01-20 12:00:00,W04,47.29452729250855,15.863142274624018,622.7057517930576
2024-01-20 13:00:00,W05,49.97180596779935,16.628462164907067,703.8170432058903
2024-01-20 14:00:00,W01,50.45794727086368,16.17608778518369,795.7592968951146
2024-01-20 15:00:00,W02,49.176068238423774,12.140868037020237,520.6021771892421
2024-01-20 16:00:00,W03,52.172627700335745,13.96708773743056,463.8117055722663
2024-01-20 17:00:00,W04,47.80094038204592,17.62308439623792,797.9300139882168
2024-01-20 18:00:00,W05,50.02558515603414,14.346364648653758,630.2253974478742
2024-01-20 19:00:00,W01,50.37196685747798,15.185564682848682,777.5515701581551
2024-01-20 20:00:00,W02,48.725683505310734,16.617899273902527,564.3267623771555
2024-01-20 21:00:00,W03,53.27265129691517,12.596646805056467,621.1133795635865
2024-01-20 22:00:00,W04,47.61290153292537,14.302210661253891,663.3901423656914
2024-01-20 23:00:00,W05,50.05866921486973,12.197049294302868,780.3760319187563
2024-01-21 00:00:00,W01,50.489323765805494,15.65959406548097,655.2807267906023
2024-01-21 01:00:00,W02,49.22247744094218,16.317434005412686,771.6579825254266
2024-01-21 02:00:00,W03,52.775871384403175,14.163491535773296,462.09702553318743
2024-01-21 03:00:00,W04,47.69071399214414,17.93776372176983,718.1579071900242
2024-01-21 04:00:00,W05,50.445209699005886,12.814724353821756,553.8130108686256
2024-01-21 05:00:00,W01,50.48826725711145,16.30063261459107,535.6396136535827
2024-01-21 06:00:00,W02,49.142668540102775,13.107952517002577,632.6991076249923
2024-01-21 07:00:00,W03,52.58086569196774,16.216770015006407,503.65542720767905
2024-01-21 08:00:00,W04,47.587656802389525,15.312115750456297,727.1458859568172
2024-01-21 09:00:00,W05,50.2509103547228,16.744705189072867,515.6156818579202
2024-01-21 10:00:00,W01,50.84458727398802,15.31546534678353,581.122462648912
2024-01-21 11:00:00,W02,49.610965415838535,16.54841125243715,758.6080897978215
2024-01-21 12:00:00,W03,52.52316640721344,13.954321301868344,689.3192435114828
2024-01-21 13:00:00,W04,47.8023517715158,12.305126198276213,439.66561949527164
2024-01-21 14:00:00,W05,49.68259618382089,16.978551058258518,527.3647337893334
2024-01-21 15:00:00,W01,51.06306181898855,12.842833111970494,652.4814991634055
2024-01-21 16:00:00,W02,48.8479231091673,17.799621142831874,767.7986649266902
2024-01-21 17:00:00,W03,52.239905610833205,16.76746652068732,628.673302679987
2024-01-21 18:00:00,W04,47.45155051459092,16.239451351124174,608.9767220864754
2024-01-21 19:00:00,W05,49.83840764329174,16.072608475146712,523.5435621161441
2024-01-21 20:00:00,W01,50.94714498843796,16.235673501740166,699.6484102582654
2024-01-21 21:00:00,W02,49.379218566642464,17.83384470994646,463.0860526551796
2024-01-21 22:00:00,W03,52.31743561616171,13.032213394219394,457.23415400101345
2024-01-21 23:00:00,W04,47.76644170018854,16.27916470424869,438.77736449327665
2024-01-22 00:00:00,W05,49.91332974244007,12.21758409881738,714.3778201383982
2024-01-22 01:00:00,W01,51.088418098418636,14.26994560085871,675.7531002175831
2024-01-22 02:00:00,W02,49.495696304709256,16.167836018276414,565.4436692702034
2024-01-22 03:00:00,W03,52.71664170998521,14.254197834582493,593.8579581893997
2024-01-22 04:00:00,W04,47.23648767953009,15.895005178632719,480.4066875836693
2024-01-22 05:00:00,W05,50.173229308053436,15.300943157967428,740.7352779225671
2024-01-22 06:00:00,W01,50.81469818367884,14.476018225744307,779.5524298447156
2024-01-22 07:00:00,W02,49.111198329611184,14.846849494730073,732.6889858797151
2024-01-22 08:00:00,W03,52.27564738319198,16.889909599055496,445.1048819408061
2024-01-22 09:00:00,W04,47.31639520496371,14.341633618841115,461.1780678796298
2024-01-22 10:00:00,W05,49.919977715769754,17.73002034334891,526.8986103104095
2024-01-22 11:00:00,W01,50.50694982180373,16.35731987936844,449.6633201466984
2024-01-22 12:00:00,W02,48.80328767650383,14.70722900324124,647.4908931470911
2024-01-22 13:00:00,W03,52.677639448012656,16.520900697801668,607.3220298351981
2024-01-22 14:00:00,W04,47.86228664775697,17.503174563150708,786.4657126988797
2024-01-22 15:00:00,W05,50.25496303690504,15.334496162013185,470.8093140873748
2024-01-22 16:00:00,W01,51.34997378337378,17.543363310579142,632.8427326712506
2024-01-22 17:00:00,W02,49.858151546717856,12.33694551887719,787.8918182535807
2024-01-22 18:00:00,W03,53.09263133805319,15.816361407979294,782.3844562025234
2024-01-22 19:00:00,W04,47.78069162557937,12.29635208372613,688.1360978030303
2024-01-22 20:00:00,W05,49.89823129619515,14.767956078679353,599.4051938402214
2024-01-22 21:00:00,W01,50.90664937202757,15.595737927386327,463.1395240046076
2024-01-22 22:00:00,W02,48.73074694494633,15.157801600536454,769.4967237872308
2024-01-22 23:00:00,W03,52.86946010383004,16.228630890001735,757.8575494258127
2024-01-23 00:00:00,W04,47.98354390954472,13.610090379550781,477.9302965831796
2024-01-23 01:00:00,W05,50.459655222308285,16.962063539701354,668.8574695759196
2024-01-23 02:00:00,W01,50.8943506326045,12.949583485273639,560.248110277488
2024-01-23 03:00:00,W02,49.07410334214812,17.97520510265798,682.4640580533404
2024-01-23 04:00:00,W03,53.17469560030209,17.629814298618466,606.1613380122003
2024-01-23 05:00:00,W04,47.98926677344977,14.137111590040433,474.57374493005847
2024-01-23 06:00:00,W05,50.255548813530865,14.225685134296146,659.0545024174978
2024-01-23 07:00:00,W01,50.722087937892816,13.44834203694849,570.7254174458508
2024-01-23 08:00:00,W02,48.97402161453351,14.685136488396479,460.39481306853315
2024-01-23 09:00:00,W03,52.36052573750296,13.438417549306589,728.3505271032716
2024-01-23 10:00:00,W04,47.685453485988276,12.168210842080136,638.9545594226751
2024-01-23 11:00:00,W05,50.124348201650704,16.129152270835235,694.1790741960729
2024-01-23 12:00:00,W01,50.37741587390459,14.527748967028186,515.0237356534174
2024-01-23 13:00:00,W02,49.096644351452035,14.953986168184269,795.178812909043
2024-01-23 14:00:00,W03,53.10830083770348,16.48292436384643,518.4003413023445
2024-01-23 15:00:00,W04,48.09634999648911,17.318757146979365,574.8993862239377
2024-01-23 16:00:00,W05,50.29288327431022,16.52576182492344,436.826981667834
2024-01-23 17:00:00,W01,51.3720002347432,14.791415130292938,479.1654605131656
2024-01-23 18:00:00,W02,49.09900688845383,16.803713153568502,433.1723272801342
2024-01-23 19:00:00,W03,52.94288842658194,13.03529141060753,698.9673144195559
2024-01-23 20:00:00,W04,47.70694230810939,15.990023228592737,585.4910974795945
2024-01-23 21:00:00,W05,50.258458636758704,15.551386781560371,493.0207587826515
2024-01-23 22:00:00,W01,51.01472771025062,17.031622305974462,522.7029090135287
2024-01-23 23:00:00,W02,49.274846206808824,15.054182507159451,664.4588679840432
2024-01-24 00:00:00,W03,52.75943885988878,13.296293133365225,660.6059688582347
2024-01-24 01:00:00,W04,47.54308717964309,17.991445649469988,490.48696628683615
2024-01-24 02:00:00,W05,49.66341798995784,16.065947113510866,441.83793547168165
2024-01-24 03:00:00,W01,50.31867593683487,15.608063381960406,736.7645863266017
2024-01-24 04:00:00,W02,49.03864260361015,16.345087828762495,660.2046102702525
2024-01-24 05:00:00,W03,52.79637910129241,13.176351598471035,745.6500097368137
2024-01-24 06:00:00,W04,47.67305781464021,14.482205258981288,512.1996961060291
2024-01-24 07:00:00,W05,50.42827631446834,13.834374648207309,659.9725781663861
2024-01-24 08:00:00,W01,51.22581847183139,12.341614751076143,661.3463428306275
2024-01-24 09:00:00,W02,49.62515732577604,16.324893682546183,601.6863742596181
2024-01-24 10:00:00,W03,52.871919814784356,17.80009244236664,701.670431205676
2024-01-24 11:00:00,W04,48.25437270363279,12.693304338948952,499.77133487822005
2024-01-24 12:00:00,W05,50.33092051838429,14.246262728498975,604.588654553639
2024-01-24 13:00:00,W01,50.879519734312524,16.541409576169308,446.7372703275201
2024-01-24 14:00:00,W02,48.7484263983217,14.631246020115528,652.411387791461
2024-01-24 15:00:00,W03,53.26569530850971,17.757480370426247,653.6343315305498
2024-01-24 16:00:00,W04,47.73518605212486,15.642773690705816,507.5010283368801
2024-01-24 17:00:00,W05,50.1447628034231,12.747529235160574,628.0261877752752
2024-01-24 18:00:00,W01,50.768851467937,16.469383932202902,547.9634135851669
2024-01-24 19:00:00,W02,49.38295867128566,15.458388773537253,690.8525926774474
2024-01-24 20:00:00,W03,51.8348680887254,14.623415976688099,726.4440438093554
2024-01-24 21:00:00,W04,47.89575353907348,12.877900367654906,738.646588798986
2024-01-24 22:00:00,W05,50.13845520743402,13.10461597448022,631.0412819078483
2024-01-24 23:00:00,W01,51.07479112537785,14.38256220064821,421.5626187536976
2024-01-25 00:00:00,W02,49.41353628109054,12.455306702288235,401.29077948818457
2024-01-25 01:00:00,W03,52.684178567101874,16.171157446244905,607.7878717104322
2024-01-25 02:00:00,W04,47.886371623870076,16.297843881663944,689.7460505977576
2024-01-25 03:00:00,W05,50.55086664563784,15.20501350743709,488.2428950008163
2024-01-25 04:00:00,W01,50.43633252031578,14.806897011630618,565.0463137982022
2024-01-25 05:00:00,W02,49.32479943429619,12.487461928612781,710.8942149086652
2024-01-25 06:00:00,W03,52.7858663912834,14.919213701850952,639.5478799804889
2024-01-25 07:00:00,W04,48.21068774904727,13.471378006161537,750.8902624605423
2024-01-25 08:00:00,W05,49.93754786257033,15.382181367197962,766.6040261582962
2024-01-25 09:00:00,W01,50.71040598841302,13.485186578678508,444.32766231096394
2024-01-25 10:00:00,W02,48.95786614540253,16.4953492424428,603.6629334494262
2024-01-25 11:00:00,W03,53.01175426073491,15.886862608230114,471.0398719890344
2024-01-25 12:00:00,W04,48.001153014936854,17.894818138695868,631.4488473127022
2024-01-25 13:00:00,W05,50.174814634906376,16.997171533782296,602.1845539155914
2024-01-25 14:00:00,W01,50.74429865240203,16.645433168825054,624.4983551409482
2024-01-25 15:00:00,W02,49.05515107749218,13.9603056005686,596.7533629922717
2024-01-25 16:00:00,W03,52.94923997033861,15.225955101892922,583.4586456478147
2024-01-25 17:00:00,W04,47.81927401695273,16.970839636318765,417.2399390660263
2024-01-25 18:00:00,W05,50.73445311855346,17.43442093306865,653.7918100905956
2024-01-25 19:00:00,W01,50.47721182450243,15.584737814056936,713.6135055056941
2024-01-25 20:00:00,W02,49.42793565666027,14.847721464148034,719.486320532683
2024-01-25 21:00:00,W03,52.854201247245385,15.311259943192695,656.5605613887001
2024-01-25 22:00:00,W04,48.217198780559535,15.791006921115102,711.7441275117937
2024-01-25 23:00:00,W05,50.64057112066497,14.28654700839256,699.7070450040811
2024-01-26 00:00:00,W01,51.00266384975795,14.71644438180232,624.989629598251
2024-01-26 01:00:00,W02,49.173110259082236,13.754810165477428,444.89537667910247
2024-01-26 02:00:00,W03,52.87346331952084,17.78159101571288,400.7545815997027
2024-01-26 03:00:00,W04,47.69422319334682,14.291932402956487,513.0351048532739
2024-01-26 04:00:00,W05,50.198766567873164,12.061420989910921,641.264025748755
2024-01-26 05:00:00,W01,50.85701156062508,17.219205436702502,423.86539608375136
2024-01-26 06:00:00,W02,49.217473768418905,12.660563980128266,786.6753823131501
2024-01-26 07:00:00,W03,52.85873407130518,16.817617867213645,555.9233591788659
2024-01-26 08:00:00,W04,47.84166561324134,16.46134640882343,630.8623798866495
2024-01-26 09:00:00,W05,50.146209855688475,12.662289817791766,789.6049902038008
2024-01-26 10:00:00,W01,50.89538107623241,16.079452716431028,629.3463153240737
2024-01-26 11:00:00,W02,49.417972918297004,13.809228152914102,705.5960149290192
2024-01-26 12:00:00,W03,52.59008051890462,12.854364978032548,576.4840783376226
2024-01-26 13:00:00,W04,47.51595754997587,16.494473364610602,575.7739002947178
2024-01-26 14:00:00,W05,50.63308282023514,16.796181740200485,675.3372957747749
2024-01-26 15:00:00,W01,50.689612823642435,13.90484466030608,676.9458755441187
2024-01-26 16:00:00,W02,49.47278373125686,13.282338412409889,636.1127028551186
2024-01-26 17:00:00,W03,52.65023115175359,15.723134316707682,783.6533310211233
2024-01-26 18:00:00,W04,47.84272221547549,15.6138579933103,415.91945832849785
2024-01-26 19:00:00,W05,50.32766807909929,15.8394712237026,434.3177168504551
2024-01-26 20:00:00,W01,50.23588814180459,16.908682863528284,623.0051524507409
2024-01-26 21:00:00,W02,49.695555185134666,17.21627547816233,742.9784387830201
2024-01-26 22:00:00,W03,52.49127934509616,14.067876152695847,559.9128604256939
2024-01-26 23:00:00,W04,48.287471527286556,17.000937191209353,714.307607851998
2024-01-27 00:00:00,W05,50.741432464394784,14.850866521914245,778.2979175205073
2024-01-27 01:00:00,W01,50.05517038812213,16.92414960601737,582.5224762655247
2024-01-27 02:00:00,W02,49.697932254786686,13.027032878598618,673.1101412378943
2024-01-27 03:00:00,W03,52.79624293845748,14.302930418388105,413.1850325588499
2024-01-27 04:00:00,W04,47.691674561774775,15.706502385000498,518.8417538889172
2024-01-27 05:00:00,W05,50.77259257001755,14.391318309844564,404.5760077649127
2024-01-27 06:00:00,W01,50.98158867577332,12.506659957107065,632.3138345157116
2024-01-27 07:00:00,W02,49.48692983850373,12.402035547212359,540.8818092059961
2024-01-27 08:00:00,W03,52.683410113266675,15.135988400987777,626.2504598480734
2024-01-27 09:00:00,W04,47.54492395842086,17.76097726920066,497.46346509226555
2024-01-27 10:00:00,W05,50.94937083826576,17.135929031417838,611.3351026302169
2024-01-27 11:00:00,W01,50.61225158082661,14.438601215002343,687.5958123644725
2024-01-27 12:00:00,W02,49.345300106571024,13.10171937480104,560.9019726735655
2024-01-27 13:00:00,W03,53.2256993125688,16.284421825194237,719.0474299085369
2024-01-27 14:00:00,W04,47.81493693518699,16.75666852741465,769.0775265566323
2024-01-27 15:00:00,W05,50.241376384394634,13.767182681223764,440.99286840068964
2024-01-27 16:00:00,W01,50.89866152336905,14.399735215925702,463.11658208000927
2024-01-27 17:00:00,W02,49.419200650322004,14.480132531211085,428.6369524757291
2024-01-27 18:00:00,W03,53.129977267295274,17.351098287971702,673.3971848746801
2024-01-27 19:00:00,W04,47.61286307033104,14.825146994846149,745.0024416002304
2024-01-27 20:00:00,W05,49.92915629071042,16.281839653412632,601.7408483711855
2024-01-27 21:00:00,W01,50.29181723824866,15.147179186125314,714.9220311736492
2024-01-27 22:00:00,W02,49.10599106009727,15.165430253084455,535.5715673725333
2024-01-27 23:00:00,W03,52.863362479959434,17.124345068195154,727.9161303228408
2024-01-28 00:00:00,W04,47.485156053349904,15.431372942059049,575.8500044068222
2024-01-28 01:00:00,W05,50.18064589990603,14.366555963222128,498.27765204590526
2024-01-28 02:00:00,W01,50.479046295779504,17.87170341801659,697.8401158602726
2024-01-28 03:00:00,W02,49.35118081867479,17.43421143724397,791.9986797105648
2024-01-28 04:00:00,W03,52.98419689633125,12.291384528659925,749.3350387757299
2024-01-28 05:00:00,W04,48.259780370427215,17.59119669593064,769.9385857251846
2024-01-28 06:00:00,W05,50.58579252276148,16.020091012953614,786.4556167396008
2024-01-28 07:00:00,W01,50.951922165877555,13.336431894719835,609.1237225131036
2024-01-28 08:00:00,W02,49.144534608214116,17.569097607262794,610.7727310080243
2024-01-28 09:00:00,W03,53.190551011357954,14.521611162791457,484.35264275738984
2024-01-28 10:00:00,W04,47.328148890823236,14.160950060063659,696.5674413931495
2024-01-28 11:00:00,W05,50.793236200528476,12.933333043166238,700.8716961268101
2024-01-28 12:00:00,W01,50.40220815478233,15.67301216858893,579.5283785733618
2024-01-28 13:00:00,W02,48.92614611234327,12.270689121517437,484.2288118892926
2024-01-28 14:00:00,W03,53.102392764525156,16.363805828787108,689.9637085427506
2024-01-28 15:00:00,W04,47.692729050297956,12.314699239479722,461.5775533551631
2024-01-28 16:00:00,W05,49.95117611037761,12.579034068436771,591.8570193333908
2024-01-28 17:00:00,W01,50.31534308124575,12.697658631465199,621.9257489016379
2024-01-28 18:00:00,W02,49.4270331591786,14.298821947570273,548.8180918142875
2024-01-28 19:00:00,W03,53.12082690142542,17.295858369332738,689.8364039441797
2024-01-28 20:00:00,W04,47.77783939862103,12.288931727653422,411.8050004406494
2024-01-28 21:00:00,W05,50.683833733244,16.93290362699376,447.04246863239916
2024-01-28 22:00:00,W01,51.00356710751988,14.288359014703488,428.1432414857625
2024-01-28 23:00:00,W02,48.961333929140714,14.233222532501578,681.9979477779871
2024-01-29 00:00:00,W03,52.74818575601326,16.101197963062866,414.0669087388333
2024-01-29 01:00:00,W04,47.572759964047485,17.360761578176387,568.8921059453448
2024-01-29 02:00:00,W05,50.700816544605495,13.16500253526084,437.2395970230075
2024-01-29 03:00:00,W01,51.020347604940966,13.946707577901106,534.5646117512864
2024-01-29 04:00:00,W02,49.358474268224214,12.405880818995861,790.809038037769
2024-01-29 05:00:00,W03,53.15919159144856,17.08457745559962,672.7032463970615
2024-01-29 06:00:00,W04,47.61184918715531,17.522764389944843,582.5234371382874
2024-01-29 07:00:00,W05,49.91250954534072,14.08148609628033,771.6397207950135
2024-01-29 08:00:00,W01,50.65450199890123,12.238357938156403,545.8307832822185
2024-01-29 09:00:00,W02,49.48858229604901,12.110077515356746,561.9563714468314
2024-01-29 10:00:00,W03,53.1063304453897,13.36309824325762,517.0747436905423
2024-01-29 11:00:00,W04,47.816526148312654,13.607763540806609,639.9712818344608
2024-01-29 12:00:00,W05,50.41866366062841,13.86879672311922,487.28098268930665
2024-01-29 13:00:00,W01,50.92179054515389,13.63259795172216,721.5168496365059
2024-01-29 14:00:00,W02,49.404900161244775,17.42240783688071,567.0138978073603
2024-01-29 15:00:00,W03,52.97685399016539,12.32481953818612,547.5140251564071
2024-01-29 16:00:00,W04,47.97485045514305,15.41363816250478,751.3799064573816
2024-01-29 17:00:00,W05,50.50286585303479,12.464716276795425,520.0519848037354
2024-01-29 18:00:00,W01,50.54277577846301,16.18228963794092,635.7259482706379
2024-01-29 19:00:00,W02,49.590387652908454,17.863402741847626,608.2204247102014
2024-01-29 20:00:00,W03,52.626332013939624,12.955281549338586,789.235632571039
2024-01-29 21:00:00,W04,47.70382528954127,12.74735352980254,795.1992167867511
2024-01-29 22:00:00,W05,50.143127192954985,14.762656135073179,663.5649597689758
2024-01-29 23:00:00,W01,50.382347247172405,12.126538724677408,740.7132529773593
2024-01-30 00:00:00,W02,49.18923916591875,14.430881625897953,735.331011445635
2024-01-30 01:00:00,W03,52.68826471905848,16.593130125965498,412.8586906738322
2024-01-30 02:00:00,W04,47.870953376216455,14.58603903095498,771.565409959029
2024-01-30 03:00:00,W05,49.81521961232791,12.80239469072417,440.7050921305754
2024-01-30 04:00:00,W01,50.71107502313468,16.99180933443109,530.3228802531128
2024-01-30 05:00:00,W02,49.042825247060335,14.534613502971347,498.7967609103514
2024-01-30 06:00:00,W03,53.34052154551331,13.003353266609759,759.1909967389226
2024-01-30 07:00:00,W04,47.87138012367885,16.250060992286873,603.6641221346248
2024-01-30 08:00:00,W05,50.078604344485065,15.25546295300401,633.2670031379362
2024-01-30 09:00:00,W01,50.683565109890495,16.61817068173477,757.3480639233815
2024-01-30 10:00:00,W02,49.24718558445117,15.165743708448089,681.9520031505646
2024-01-30 11:00:00,W03,52.20837859022627,16.898744364579468,461.1457566255742
2024-01-30 12:00:00,W04,47.819964120838094,16.14517941004258,430.50953890200776
2024-01-30 13:00:00,W05,50.04143154021536,13.089395417797345,679.3202542088851
2024-01-30 14:00:00,W01,50.83230987427206,16.665367647735472,696.1352198234656
2024-01-30 15:00:00,W02,49.713564937167796,15.785502322644325,687.6101276564875
2024-01-30 16:00:00,W03,52.84501318556121,17.23500065363492,669.1226256420321
2024-01-30 17:00:00,W04,47.685543386336626,12.050053820858125,555.9121204301268
2024-01-30 18:00:00,W05,50.66363667054538,17.175831429093886,643.541211529717
2024-01-30 19:00:00,W01,50.65811758476152,15.405527986283868,702.5977905375813
2024-01-30 20:00:00,W02,49.646422721226976,16.60333563167074,708.1326795816183
2024-01-30 21:00:00,W03,52.658982563277306,15.716745486924655,750.8454905977039
2024-01-30 22:00:00,W04,47.664676593158575,13.081312375871075,627.8459679114166
2024-01-30 23:00:00,W05,50.55097200489657,13.810218274328262,746.6265137316424
2024-01-31 00:00:00,W01,50.658669902313534,12.94008494145558,706.0409641340975
2024-01-31 01:00:00,W02,49.734197358652544,12.866582995171006,645.3059185826253
2024-01-31 02:00:00,W03,52.876243418023954,16.452736428754037,615.634720602045
2024-01-31 03:00:00,W04,48.7364766425066,15.3629526367835,730.401311182399
2024-01-31 04:00:00,W05,50.83507706065,15.913109761276381,562.5288502311492
2024-01-31 05:00:00,W01,51.05846358037968,14.66812145857276,771.6027413711145
2024-01-31 06:00:00,W02,49.39707219601829,13.028597078683136,640.141788458179
2024-01-31 07:00:00,W03,52.72780865496051,17.232451019813094,689.5103724677277
2024-01-31 08:00:00,W04,47.95064562725013,14.127428105725992,688.3009551166228
2024-01-31 09:00:00,W05,50.92654063142269,14.068840084355653,684.3732983057073
2024-01-31 10:00:00,W01,50.739850932530615,13.636200362268584,598.0111521307838
2024-01-31 11:00:00,W02,49.238196174622054,13.280099088234042,659.8292566855989
2024-01-31 12:00:00,W03,52.54130126186777,17.39336435338563,596.2762760923812
2024-01-31 13:00:00,W04,48.23231122855511,15.617302974978049,701.0814571355049
2024-01-31 14:00:00,W05,50.2758442389,14.76165439922044,449.8505920924705
2024-01-31 15:00:00,W01,50.90476979786384,16.194523190102057,611.3681116540812
2024-01-31 16:00:00,W02,49.81356104672183,14.106746106387906,552.6795811935517
2024-01-31 17:00:00,W03,52.399795089548206,14.064917713245674,479.2148347563251
2024-01-31 18:00:00,W04,47.9185063396992,15.370423774990392,562.7654072016852
2024-01-31 19:00:00,W05,50.606090507603234,15.812342196012578,608.1393553843724
2024-01-31 20:00:00,W01,50.7098530520003,15.455044843804622,543.3408237270191
2024-01-31 21:00:00,W02,49.25310517449879,14.607736587079987,588.7799498993146
2024-01-31 22:00:00,W03,53.19283468632545,13.535752732343726,437.29569791334467
2024-01-31 23:00:00,W04,47.35312035270004,14.531122311598725,413.1358519610551
2024-02-01 00:00:00,W05,50.294629411677704,13.348046888659782,669.5927267072686
2024-02-01 01:00:00,W01,51.17985827133587,17.998128924132978,563.5155924457904
2024-02-01 02:00:00,W02,49.15192361067143,16.146985725066344,445.8201768362767
2024-02-01 03:00:00,W03,52.737558392821704,13.954683895326566,414.736333889794
2024-02-01 04:00:00,W04,47.97923436556397,15.420993356214701,747.6532174666997
2024-02-01 05:00:00,W05,50.43865148707738,13.53320948967801,617.7316054067047
2024-02-01 06:00:00,W01,50.9072140468458,14.518615134339878,743.3485605775693
2024-02-01 07:00:00,W02,49.206360551966,13.771982027693912,575.9350453557631
2024-02-01 08:00:00,W03,53.027924375378355,17.68445313193579,431.87466783160295
2024-02-01 09:00:00,W04,47.728181988945074,12.729028243980503,795.7344411224149
2024-02-01 10:00:00,W05,50.25099869571542,17.8082693387829,509.02437264401306
2024-02-01 11:00:00,W01,50.76370228458261,14.104973545170726,410.69189079019594
2024-02-01 12:00:00,W02,49.538805963558836,13.569895856122612,779.8264345608836
2024-02-01 13:00:00,W03,53.185298290474144,15.353747485049231,682.069733231206
2024-02-01 14:00:00,W04,47.98312408573416,15.38222994546528,443.5417025841282
2024-02-01 15:00:00,W05,50.5177689659532,12.472106031390222,720.4415683029995
2024-02-01 16:00:00,W01,51.11993824757072,17.319947364782685,701.9842463293753
2024-02-01 17:00:00,W02,49.52670104755698,14.467006095227795,560.1060697260466
2024-02-01 18:00:00,W03,52.71820364586744,13.250417045377782,462.19961234592876
2024-02-01 19:00:00,W04,48.23688056589552,17.01133769889929,566.7115384636254
2024-02-01 20:00:00,W05,50.85498400834662,13.578852758253639,441.8499689737491
2024-02-01 21:00:00,W01,50.80875025186481,12.316115746801016,550.4060164744315
2024-02-01 22:00:00,W02,49.11466590576031,17.538990832510926,514.3465494717651
2024-02-01 23:00:00,W03,53.24163433186559,16.538769453186685,498.1733011273345
2024-02-02 00:00:00,W04,47.93878607279506,15.182150950451053,721.4476626728022
2024-02-02 01:00:00,W05,51.41522610360961,12.223684894807835,636.8632547045468
2024-02-02 02:00:00,W01,50.8474754207208,17.550253584628773,641.409609419679
2024-02-02 03:00:00,W02,49.6183185600266,16.525177323078026,755.7955384758416
2024-02-02 04:00:00,W03,52.61824271104951,13.27388398523108,517.0010657404129
2024-02-02 05:00:00,W04,47.90366842840104,13.189010335576365,774.243406319795
2024-02-02 06:00:00,W05,50.20872058073134,16.34844739686943,584.9033279043656
2024-02-02 07:00:00,W01,51.36787270043407,12.398307167997013,760.9163653496813
2024-02-02 08:00:00,W02,49.17615522850501,15.90220095180683,748.4381540941017
2024-02-02 09:00:00,W03,53.120740312368746,14.644274054650307,603.777159856688
2024-02-02 10:00:00,W04,48.008844118991156,13.717189539248476,683.0742602543129
2024-02-02 11:00:00,W05,49.900928264619715,16.553098319492136,426.1575552465214
2024-02-02 12:00:00,W01,51.256397627464196,16.134917970326654,781.5336719524257
2024-02-02 13:00:00,W02,49.578892354219526,12.975086955621972,703.6985241619628
2024-02-02 14:00:00,W03,53.043656513271515,15.193477207726668,722.1934178024721
2024-02-02 15:00:00,W04,48.12520772190051,14.13567772926189,478.3909799869771
2024-02-02 16:00:00,W05,50.58426396097375,14.013098370187787,526.0102560565733
2024-02-02 17:00:00,W01,51.35117106705172,13.130462245987339,655.0449279587133
2024-02-02 18:00:00,W02,49.26683061295587,12.773102688386745,533.8292047548043
2024-02-02 19:00:00,W03,53.564424621105665,16.573607586446492,507.0874826046103
2024-02-02 20:00:00,W04,47.996480020209404,15.75313393506109,725.264729036398
2024-02-02 21:00:00,W05,50.774893659659625,14.864672626837635,692.2303606286403
2024-02-02 22:00:00,W01,50.63349594979097,13.742608617475318,453.73645387874865
2024-02-02 23:00:00,W02,49.51639334269701,12.804633060726525,768.9251209770355
2024-02-03 00:00:00,W03,52.919885385163866,12.321322599072984,535.3195362381166
2024-02-03 01:00:00,W04,48.28578116478239,13.780314453905252,512.5452021412339
2024-02-03 02:00:00,W05,50.052202554743026,16.167023058512225,646.9688267452539
2024-02-03 03:00:00,W01,51.05302100601648,16.959381389110533,464.4554692990638
2024-02-03 04:00:00,W02,49.33390186010337,13.759748760244364,481.81380906782164
2024-02-03 05:00:00,W03,52.83601951065326,13.53346373733785,543.3304111516586
2024-02-03 06:00:00,W04,48.04079177715443,17.339885462620323,638.7599646438376
2024-02-03 07:00:00,W05,50.46841364531574,17.598443973119977,448.2273110984122
2024-02-03 08:00:00,W01,50.68439689263129,13.846627186242696,610.0025665892723
2024-02-03 09:00:00,W02,49.53644251534053,14.858195015576518,570.232839193138
2024-02-03 10:00:00,W03,52.98603356125233,12.445584210373294,584.2277179857584
2024-02-03 11:00:00,W04,48.04299343046753,13.220786646781997,518.1317840059659
2024-02-03 12:00:00,W05,50.38835138477199,15.15570907655378,740.1143667632555
2024-02-03 13:00:00,W01,51.14020364847019,15.028710691685344,467.52635020588264
2024-02-03 14:00:00,W02,49.75796789698511,12.0636409567145,581.0657654799155
2024-02-03 15:00:00,W03,52.797346928771354,15.429189976105857,474.5946469423096
2024-02-03 16:00:00,W04,48.298079355566166,14.062614806338207,720.147302457917
2024-02-03 17:00:00,W05,50.11742673449374,12.366137228287432,780.1770668213496
2024-02-03 18:00:00,W01,50.670510516576016,15.759252904757346,721.9198044899213
2024-02-03 19:00:00,W02,49.670749660102096,13.710752919467673,760.350710434416
2024-02-03 20:00:00,W03,52.94332062236086,14.509566175237602,584.5292032593559
2024-02-03 21:00:00,W04,48.15078642983949,14.97468641181382,472.59277957464303
2024-02-03 22:00:00,W05,50.95920867536889,17.57169470210693,569.5142459143151
2024-02-03 23:00:00,W01,51.05626460093883,13.458195445094091,738.1897683750823
2024-02-04 00:00:00,W02,49.590934891621444,13.16867100105414,596.9375105278432
2024-02-04 01:00:00,W03,53.72837603800264,17.269772592334277,416.4224621053292
2024-02-04 02:00:00,W04,48.487090172150666,17.912230727716683,424.2561361727117
2024-02-04 03:00:00,W05,50.609633367977864,16.871593170685564,731.5410989012935
2024-02-04 04:00:00,W01,51.31420404303293,14.020219174199724,553.876448493098
2024-02-04 05:00:00,W02,49.54858535320426,16.40559285329674,651.096547725029
2024-02-04 06:00:00,W03,53.004340387070656,13.7466862822393,723.9257979942552
2024-02-04 07:00:00,W04,48.39215494881566,17.17842025647146,536.3852594829068
2024-02-04 08:00:00,W05,50.80441159769507,13.78044836637722,783.5669757593128
2024-02-04 09:00:00,W01,50.79140586385896,17.869884302613784,532.6571773345248
2024-02-04 10:00:00,W02,49.26395037354785,13.262530651961598,660.2237589661729
2024-02-04 11:00:00,W03,52.689531465805324,16.759927932684715,654.4754286526763
2024-02-04 12:00:00,W04,48.431388956077335,15.694916471389552,461.0934052599019
2024-02-04 13:00:00,W05,50.572815565136914,16.118263452150142,735.5613813432851
2024-02-04 14:00:00,W01,50.81095816440225,13.56341449214908,795.2973602145561
2024-02-04 15:00:00,W02,49.1488304692467,16.755015684078387,711.9366061103074
2024-02-04 16:00:00,W03,53.42160714132469,14.1676298638094,402.09092336869594
2024-02-04 17:00:00,W04,47.891595529290335,17.399157381830406,638.511895663281
2024-02-04 18:00:00,W05,50.7663738044069,15.299910672296896,407.9440196379755
2024-02-04 19:00:00,W01,51.21477691621087,16.445298075532342,684.2990533944665
2024-02-04 20:00:00,W02,49.04423009151239,12.395727091014988,602.4310269574933
2024-02-04 21:00:00,W03,53.06293285290849,14.625627237317989,526.7032729055536
2024-02-04 22:00:00,W04,48.25525345876706,14.10018658192983,656.7909380216004
2024-02-04 23:00:00,W05,50.19325782159951,13.861864906688549,548.2011708050077
2024-02-05 00:00:00,W01,51.010767128110004,12.560565069304875,577.649775249774
2024-02-05 01:00:00,W02,49.61539069256925,12.037059798387865,629.9791331700834
2024-02-05 02:00:00,W03,53.40040951504595,12.584656363776693,725.2567204875604
2024-02-05 03:00:00,W04,47.88600193434484,17.699669489235973,592.5912432342609
2024-02-05 04:00:00,W05,51.00251039263753,14.773833465065659,735.5009204256135
2024-02-05 05:00:00,W01,51.07847738877028,17.67832570660955,536.1271651983116
2024-02-05 06:00:00,W02,49.63241379262759,13.144267484910591,565.6972053603181
2024-02-05 07:00:00,W03,53.20872987564989,16.971903531186204,481.0357726911859
2024-02-05 08:00:00,W04,48.08547465705241,17.9671583225792,668.0649087298993
2024-02-05 09:00:00,W05,50.59463950072688,17.327038575748908,670.2427139520828
2024-02-05 10:00:00,W01,51.100675818374725,16.49097889148691,767.7310919155454
2024-02-05 11:00:00,W02,49.79174092317751,15.304378438311337,705.0380817805285
2024-02-05 12:00:00,W03,52.56240338780822,16.262252589253805,423.3808289481125
2024-02-05 13:00:00,W04,48.360331050834965,13.03732242833706,648.6180857790393
2024-02-05 14:00:00,W05,50.61197949727711,14.626630248862279,673.921704711875
2024-02-05 15:00:00,W01,50.90306833731961,15.535198998087496,638.1942171271138
2024-02-05 16:00:00,W02,49.44309456664508,12.77733463020118,793.0680963763789
2024-02-05 17:00:00,W03,52.98820670186311,15.814017288521772,460.24281044857173
2024-02-05 18:00:00,W04,48.05835553476804,13.06151284285519,473.43340070839776
2024-02-05 19:00:00,W05,50.501542568664824,15.832552033900003,510.0011552649993
2024-02-05 20:00:00,W01,50.97006516072764,12.574354360321657,526.1428419699449
2024-02-05 21:00:00,W02,49.11760360615351,15.04678575081888,486.22884631857767
2024-02-05 22:00:00,W03,52.999183940850735,13.051133145712734,515.7693853995507
2024-02-05 23:00:00,W04,48.22598461408216,13.285341886708856,708.3449945597954
2024-02-06 00:00:00,W05,50.52063861486281,13.018132497620629,516.0459187259961
2024-02-06 01:00:00,W01,50.91238396585887,13.847446473123426,403.56747754627645
2024-02-06 02:00:00,W02,49.99039537461539,12.51230925453104,485.42718901173595
2024-02-06 03:00:00,W03,53.709648219746065,16.388249085180565,584.354942310343
2024-02-06 04:00:00,W04,48.06325267713371,17.302027986804717,736.254608328854
2024-02-06 05:00:00,W05,50.633030410060904,16.091437299737176,775.2704922160698
2024-02-06 06:00:00,W01,51.13589059746827,17.579870445085945,537.9159437836184
2024-02-06 07:00:00,W02,49.366603820235284,16.45512303606414,424.47899339866996
2024-02-06 08:00:00,W03,53.27401394503463,12.202301515756087,603.6300731000787
2024-02-06 09:00:00,W04,48.458247462247215,13.483553080681467,631.2668644981409
2024-02-06 10:00:00,W05,50.63129872297972,15.587578042618894,447.2237429384472
2024-02-06 11:00:00,W01,50.8316419149257,17.50909353533126,586.7229603134124
2024-02-06 12:00:00,W02,49.476938075908215,17.034162394751785,447.93123492643605
2024-02-06 13:00:00,W03,53.089489241833654,14.965492609829635,608.8665405369784
2024-02-06 14:00:00,W04,48.30445372043779,17.429893072803537,712.2458353168074
2024-02-06 15:00:00,W05,50.5488276138609,15.43061988290125,785.8383468732857
2024-02-06 16:00:00,W01,51.10498517986055,14.288837460229544,644.3526513228298
2024-02-06 17:00:00,W02,49.44343101259723,17.597578918539313,531.8377556462112
2024-02-06 18:00:00,W03,53.49523718535955,13.389345511614176,599.0547515813217
2024-02-06 19:00:00,W04,47.84110802886506,16.52097500110932,528.2866861164915
2024-02-06 20:00:00,W05,50.26726580681637,12.012262499450369,491.56976339009117
2024-02-06 21:00:00,W01,50.7834098063255,13.520424192572005,721.22451325372
2024-02-06 22:00:00,W02,50.11582688339032,17.05954278951035,519.644819123615
2024-02-06 23:00:00,W03,53.208886296199715,16.34638021354691,734.2622902201292
2024-02-07 00:00:00,W04,47.62102372433857,16.093798785272224,699.3077580631725
2024-02-07 01:00:00,W05,50.42968831017406,15.752897404327765,704.1639952316568
2024-02-07 02:00:00,W01,50.8296786742536,13.348837920763422,794.686380511188
2024-02-07 03:00:00,W02,49.79356443930589,16.50910439712603,575.9278424392274
2024-02-07 04:00:00,W03,52.55085858534521,14.23959312631828,519.2184081430822
2024-02-07 05:00:00,W04,47.5920694471306,12.560722900628297,534.4972711810296
2024-02-07 06:00:00,W05,50.62265952664139,15.529736251912183,477.1424602356906
2024-02-07 07:00:00,W01,50.73699641126478,15.166704930298888,603.5140621040425
2024-02-07 08:00:00,W02,49.52088828456032,17.66083491763093,791.9771220282439
2024-02-07 09:00:00,W03,52.78211054653023,12.99795370920157,783.4123111954927
2024-02-07 10:00:00,W04,47.914660831250046,16.71876718152192,723.708250389494
2024-02-07 11:00:00,W05,49.91493439223777,16.389059823313996,449.8176783567251
2024-02-07 12:00:00,W01,50.90460282350584,17.18514639424435,715.6367334441603
2024-02-07 13:00:00,W02,49.300645361949115,14.014806096287264,400.6766196393737
2024-02-07 14:00:00,W03,53.51222089205645,13.503230817904372,798.0744555847502
2024-02-07 15:00:00,W04,48.0193436783728,17.810581404989264,558.8644001777584
2024-02-07 16:00:00,W05,51.20854520626392,16.092755123156046,689.5479280252707
2024-02-07 17:00:00,W01,50.93534649907812,16.971223543495228,509.4819668081701
2024-02-07 18:00:00,W02,49.58062966522676,16.511416815669275,796.0916758277624
2024-02-07 19:00:00,W03,53.11344188817299,15.172379974877034,461.20145612399784
2024-02-07 20:00:00,W04,47.771706403333404,14.532000092479702,721.2470040697508
2024-02-07 21:00:00,W05,50.36326929149277,17.233237086202468,440.77771047474096
2024-02-07 22:00:00,W01,50.9551576988329,12.083468396338404,692.3710926210797
2024-02-07 23:00:00,W02,49.54478600807331,17.58844169892148,728.3807932199429
2024-02-08 00:00:00,W03,52.95313822517572,17.466274754755254,482.9116786114322
2024-02-08 01:00:00,W04,47.7967228569136,16.58022640661194,592.2277091615974
2024-02-08 02:00:00,W05,51.08158965867584,13.75281697518204,579.0702077544036
2024-02-08 03:00:00,W01,51.43468112071138,13.67928881231505,629.4157048211919
2024-02-08 04:00:00,W02,50.07702031016092,17.683862164563394,521.4953863361465
2024-02-08 05:00:00,W03,52.56711618801693,13.893907384928694,521.770399774648
2024-02-08 06:00:00,W04,48.1933996884214,15.839290829656601,737.6576780932712
2024-02-08 07:00:00,W05,50.926910272902106,12.933638969330811,468.06101993660445
2024-02-08 08:00:00,W01,50.88201462960334,16.60547552693425,683.5288780367363
2024-02-08 09:00:00,W02,49.225196909844115,15.959301180101935,720.8109430800805
2024-02-08 10:00:00,W03,53.28027547736087,14.331730443632429,584.930850067348
2024-02-08 11:00:00,W04,48.29572662882348,12.157879956366537,515.5242906777495
2024-02-08 12:00:00,W05,50.586039651001975,14.026597416842836,456.13843174800695
2024-02-08 13:00:00,W01,51.39664642725777,16.5174861856716,677.5385717483267
2024-02-08 14:00:00,W02,49.404622529620575,17.25772271124667,549.472244545925
2024-02-08 15:00:00,W03,53.08836273678032,16.573075634751078,571.9822911932158
2024-02-08 16:00:00,W04,47.917278153818636,12.755362200731694,724.8461783876794
2024-02-08 17:00:00,W05,50.313812293036854,17.37444082265952,662.1520553992038
2024-02-08 18:00:00,W01,50.828873816984135,13.33753781362962,682.8986352231424
2024-02-08 19:00:00,W02,49.90562992271743,15.703713672674551,684.2769533795595
2024-02-08 20:00:00,W03,53.500099657795204,15.757534390801021,511.9920078101882
2024-02-08 21:00:00,W04,47.8163626444076,13.358768426634011,488.0311825203173
2024-02-08 22:00:00,W05,50.7840037290356,15.623415744115615,786.8804041187443
2024-02-08 23:00:00,W01,51.20120608340916,17.711228374360275,411.6720507108226
2024-02-09 00:00:00,W02,49.69083087373737,17.3122874732462,654.037315556284
2024-02-09 01:00:00,W03,52.822846984013474,17.161099826671034,721.4677763474664
2024-02-09 02:00:00,W04,47.69983634884073,17.84373842490519,770.7320451197279
2024-02-09 03:00:00,W05,50.99800706864653,15.481299121433093,723.7382153696761
2024-02-09 04:00:00,W01,50.89331154146667,17.14978167975742,514.8671422391567
2024-02-09 05:00:00,W02,49.99194645716977,13.290336695223516,551.4074284556447
2024-02-09 06:00:00,W03,53.04037172686551,16.22547524096527,700.0937246158262
2024-02-09 07:00:00,W04,48.20134533368482,14.993591141872486,409.07679555220915
2024-02-09 08:00:00,W05,50.65929734487464,16.690094938750605,499.8915937263488
2024-02-09 09:00:00,W01,51.46095645079006,17.885564554949134,747.8173420319638
2024-02-09 10:00:00,W02,49.570117608759794,16.124790974893617,658.4785061240917
2024-02-09 11:00:00,W03,53.496986483077194,15.046577721518641,758.8309462352479
2024-02-09 12:00:00,W04,47.66572966555286,17.649538778656414,676.2016350620783
2024-02-09 13:00:00,W05,50.6198179710444,15.02515228564962,788.8661109201389
2024-02-09 14:00:00,W01,51.67628861207365,12.36846515202352,504.0297905200767
2024-02-09 15:00:00,W02,49.50224049672667,15.030143516963278,784.48813498405
2024-02-09 16:00:00,W03,53.23198097972434,15.07142973804736,744.6425376179088
2024-02-09 17:00:00,W04,48.516339628283596,16.72133108718969,446.1835296032586
2024-02-09 18:00:00,W05,50.472120781732386,15.6880869617543,728.2948312358938
2024-02-09 19:00:00,W01,51.4219461713222,17.124599147302707,719.1262078963266
2024-02-09 20:00:00,W02,50.54672108223925,16.420603150034225,438.9091331337039
2024-02-09 21:00:00,W03,53.248349031116724,16.30595479679775,531.3328431962223
2024-02-09 22:00:00,W04,48.41092208208782,12.72866178372516,465.1930359669843
2024-02-09 23:00:00,W05,51.22037055321799,13.523238257387648,620.6896350040461
2024-02-10 00:00:00,W01,51.318787150106346,17.037949252643337,735.1450854463552
2024-02-10 01:00:00,W02,49.128557762307956,17.755080255413862,608.8698139912962
2024-02-10 02:00:00,W03,52.81397027681168,17.246758378560152,543.4271832044449
2024-02-10 03:00:00,W04,47.93498487796591,12.575834602091378,479.8295422896208
2024-02-10 04:00:00,W05,50.351705351301554,16.731286382002164,770.0834865740159
2024-02-10 05:00:00,W01,51.529158245404304,12.160957705846743,676.7725002287448
2024-02-10 06:00:00,W02,49.40524081284356,15.514962859078054,774.1354028660394
2024-02-10 07:00:00,W03,52.82979195602718,17.682624268160176,434.22601109805623
2024-02-10 08:00:00,W04,47.777110574065986,14.86473344097482,782.8208255595725
2024-02-10 09:00:00,W05,50.85956859060287,12.809510519809237,526.3185364867794
2024-02-10 10:00:00,W01,51.188501261510325,14.50693869391921,659.8959018485943
2024-02-10 11:00:00,W02,49.957554711563596,14.497954945022713,693.7800703794856
2024-02-10 12:00:00,W03,53.073548960902905,14.691954284361596,552.174891779451
2024-02-10 13:00:00,W04,48.6348659932149,16.441368963970802,635.8104539628392
2024-02-10 14:00:00,W05,50.6028824335564,12.09561553485775,585.3955586176575
2024-02-10 15:00:00,W01,51.093228010394064,16.811664124341654,724.7751796602049
2024-02-10 16:00:00,W02,49.19475153719449,14.883004570666627,478.2603383154087
2024-02-10 17:00:00,W03,53.70631647894375,15.060933960310503,737.2751708025696
2024-02-10 18:00:00,W04,48.06256930847449,16.066183598203345,449.5104368070613
2024-02-10 19:00:00,W05,50.532357849073634,15.83338428059356,525.6815864697032
2024-02-10 20:00:00,W01,50.88933325193857,17.94975653417476,663.435134766525
2024-02-10 21:00:00,W02,49.88553465795719,13.547586223293333,666.2517154497484
2024-02-10 22:00:00,W03,53.34560556676902,16.622099876503178,420.25962113874897
2024-02-10 23:00:00,W04,47.94120167111788,15.20533834374171,792.60471684509
2024-02-11 00:00:00,W05,50.28071558868954,13.926296150054405,529.4069647175817
2024-02-11 01:00:00,W01,51.33552054221307,17.212908229213674,711.1879086494164
2024-02-11 02:00:00,W02,49.94616422311232,15.272677340311606,436.2862261800376
2024-02-11 03:00:00,W03,53.93096118686382,17.898238923949652,426.55422068508074
2024-02-11 04:00:00,W04,47.94609025199385,12.409791981639664,661.3381834218536
2024-02-11 05:00:00,W05,51.00611721576322,15.62655054565916,794.1074576294095
2024-02-11 06:00:00,W01,51.24355777697656,13.187934212570545,675.3382374671698
2024-02-11 07:00:00,W02,49.99501987610515,15.52510637705113,747.9655906796086
2024-02-11 08:00:00,W03,53.14181735221088,17.464031473257496,781.5212055055224
2024-02-11 09:00:00,W04,47.91227930108106,17.446131327147476,694.8575536562005
2024-02-11 10:00:00,W05,51.03287291662214,14.882991203257694,485.6228406670943
2024-02-11 11:00:00,W01,51.42101021931066,17.445758973512383,796.5300485532606
2024-02-11 12:00:00,W02,49.64950345799881,13.883186539696972,550.6453576234264
2024-02-11 13:00:00,W03,53.438820172175745,14.024454219552535,753.2301572017757
2024-02-11 14:00:00,W04,48.14289276641133,16.26069171574008,561.4913684091586
2024-02-11 15:00:00,W05,50.241841406686504,14.989785830492401,621.2950116827058
