-- ============================================================
-- 科研项目成果资产全生命周期管理系统 - 数据库表结构
-- 数据库: PostgreSQL
-- ============================================================

-- ============================================================
-- 枚举类型定义
-- ============================================================

CREATE TYPE asset_type_enum AS ENUM ('PAPER', 'REPORT', 'PATENT', 'DATA', 'OTHER');
-- 资产类型: 论文/报告/专利/数据/其他

CREATE TYPE asset_status_enum AS ENUM ('DRAFT', 'ARCHIVED', 'APPROVING', 'BORROWED', 'REVOKED');
-- 资产状态: 草稿/已归档/审批中/借阅中/已撤销

CREATE TYPE classification_level_enum AS ENUM ('PUBLIC', 'INTERNAL', 'CONFIDENTIAL', 'SECRET');
-- 密级: 公开/内部/机密/绝密

CREATE TYPE circulation_status_enum AS ENUM ('PENDING', 'APPROVED', 'ACTIVE', 'RETURNED', 'OVERDUE');
-- 流转状态: 待审批/已批准/借阅中/已归还/逾期

CREATE TYPE flow_type_enum AS ENUM ('ARCHIVE', 'BORROW', 'REVOKE');
-- 审批流类型: 归档/借阅/撤销

CREATE TYPE node_type_enum AS ENUM ('SINGLE', 'ALL', 'ANY');
-- 审批节点类型: 单人审批/全员审批/任意一人审批

CREATE TYPE approval_action_enum AS ENUM ('APPROVE', 'REJECT', 'TRANSFER');
-- 审批动作: 通过/驳回/转交

CREATE TYPE approval_instance_status_enum AS ENUM ('PENDING', 'APPROVED', 'REJECTED', 'CANCELLED');
-- 审批实例状态: 审批中/已通过/已驳回/已取消

-- ============================================================
-- 1. sys_user - 用户表
-- ============================================================

CREATE TABLE sys_user (
    id          UUID GENERATED BY DEFAULT AS UUID PRIMARY KEY,
    username    VARCHAR(64)  NOT NULL,
    password    VARCHAR(256) NOT NULL,
    real_name   VARCHAR(64)  NOT NULL,
    email       VARCHAR(128),
    phone       VARCHAR(20),
    department  VARCHAR(128),
    status      SMALLINT     NOT NULL DEFAULT 1,
    created_at  TIMESTAMPTZ  NOT NULL DEFAULT NOW(),
    updated_at  TIMESTAMPTZ  NOT NULL DEFAULT NOW(),
    CONSTRAINT uk_user_username UNIQUE (username)
);

COMMENT ON TABLE  sys_user IS '用户表';
COMMENT ON COLUMN sys_user.id IS '用户ID';
COMMENT ON COLUMN sys_user.username IS '用户名';
COMMENT ON COLUMN sys_user.password IS '密码(加密存储)';
COMMENT ON COLUMN sys_user.real_name IS '真实姓名';
COMMENT ON COLUMN sys_user.email IS '邮箱';
COMMENT ON COLUMN sys_user.phone IS '手机号';
COMMENT ON COLUMN sys_user.department IS '所属部门';
COMMENT ON COLUMN sys_user.status IS '状态: 1-启用, 0-禁用';
COMMENT ON COLUMN sys_user.created_at IS '创建时间';
COMMENT ON COLUMN sys_user.updated_at IS '更新时间';

-- ============================================================
-- 2. sys_role - 角色表
-- ============================================================

CREATE TABLE sys_role (
    id          UUID GENERATED BY DEFAULT AS UUID PRIMARY KEY,
    role_code   VARCHAR(64)  NOT NULL,
    role_name   VARCHAR(128) NOT NULL,
    description VARCHAR(512),
    level       INT          NOT NULL DEFAULT 0,
    created_at  TIMESTAMPTZ  NOT NULL DEFAULT NOW(),
    CONSTRAINT uk_role_code UNIQUE (role_code)
);

COMMENT ON TABLE  sys_role IS '角色表';
COMMENT ON COLUMN sys_role.id IS '角色ID';
COMMENT ON COLUMN sys_role.role_code IS '角色编码';
COMMENT ON COLUMN sys_role.role_name IS '角色名称';
COMMENT ON COLUMN sys_role.description IS '角色描述';
COMMENT ON COLUMN sys_role.level IS '角色层级(数值越小权限越高)';
COMMENT ON COLUMN sys_role.created_at IS '创建时间';

-- ============================================================
-- 3. sys_user_role - 用户角色关联表
-- ============================================================

CREATE TABLE sys_user_role (
    id      UUID GENERATED BY DEFAULT AS UUID PRIMARY KEY,
    user_id UUID NOT NULL,
    role_id UUID NOT NULL,
    CONSTRAINT fk_user_role_user FOREIGN KEY (user_id) REFERENCES sys_user (id) ON DELETE CASCADE,
    CONSTRAINT fk_user_role_role FOREIGN KEY (role_id) REFERENCES sys_role (id) ON DELETE CASCADE,
    CONSTRAINT uk_user_role UNIQUE (user_id, role_id)
);

COMMENT ON TABLE  sys_user_role IS '用户角色关联表';
COMMENT ON COLUMN sys_user_role.id IS '关联ID';
COMMENT ON COLUMN sys_user_role.user_id IS '用户ID';
COMMENT ON COLUMN sys_user_role.role_id IS '角色ID';

CREATE INDEX idx_user_role_user_id ON sys_user_role (user_id);
CREATE INDEX idx_user_role_role_id ON sys_user_role (role_id);

-- ============================================================
-- 4. sys_permission - 权限表
-- ============================================================

CREATE TABLE sys_permission (
    id             UUID GENERATED BY DEFAULT AS UUID PRIMARY KEY,
    permission_code VARCHAR(128) NOT NULL,
    permission_name VARCHAR(128) NOT NULL,
    resource_type  VARCHAR(32)  NOT NULL,
    resource_id    VARCHAR(128),
    action         VARCHAR(32)  NOT NULL,
    created_at     TIMESTAMPTZ  NOT NULL DEFAULT NOW(),
    CONSTRAINT uk_permission_code UNIQUE (permission_code)
);

COMMENT ON TABLE  sys_permission IS '权限表';
COMMENT ON COLUMN sys_permission.id IS '权限ID';
COMMENT ON COLUMN sys_permission.permission_code IS '权限编码';
COMMENT ON COLUMN sys_permission.permission_name IS '权限名称';
COMMENT ON COLUMN sys_permission.resource_type IS '资源类型: MENU/BUTTON/API';
COMMENT ON COLUMN sys_permission.resource_id IS '资源标识';
COMMENT ON COLUMN sys_permission.action IS '操作类型: READ/CREATE/UPDATE/DELETE';
COMMENT ON COLUMN sys_permission.created_at IS '创建时间';

-- ============================================================
-- 5. sys_role_permission - 角色权限关联表
-- ============================================================

CREATE TABLE sys_role_permission (
    id            UUID GENERATED BY DEFAULT AS UUID PRIMARY KEY,
    role_id       UUID NOT NULL,
    permission_id UUID NOT NULL,
    CONSTRAINT fk_role_perm_role FOREIGN KEY (role_id) REFERENCES sys_role (id) ON DELETE CASCADE,
    CONSTRAINT fk_role_perm_perm FOREIGN KEY (permission_id) REFERENCES sys_permission (id) ON DELETE CASCADE,
    CONSTRAINT uk_role_permission UNIQUE (role_id, permission_id)
);

COMMENT ON TABLE  sys_role_permission IS '角色权限关联表';
COMMENT ON COLUMN sys_role_permission.id IS '关联ID';
COMMENT ON COLUMN sys_role_permission.role_id IS '角色ID';
COMMENT ON COLUMN sys_role_permission.permission_id IS '权限ID';

CREATE INDEX idx_role_perm_role_id ON sys_role_permission (role_id);
CREATE INDEX idx_role_perm_perm_id ON sys_role_permission (permission_id);

-- ============================================================
-- 6. asset - 科研资产表
-- ============================================================

CREATE TABLE asset (
    id                  UUID GENERATED BY DEFAULT AS UUID PRIMARY KEY,
    asset_code          VARCHAR(64)               NOT NULL,
    title               VARCHAR(256)              NOT NULL,
    asset_type          asset_type_enum           NOT NULL,
    abstract_text       TEXT,
    keywords            VARCHAR(512),
    authors             VARCHAR(512),
    department          VARCHAR(128),
    project_id          UUID,
    status              asset_status_enum         NOT NULL DEFAULT 'DRAFT',
    classification_level classification_level_enum NOT NULL DEFAULT 'INTERNAL',
    created_by          UUID                      NOT NULL,
    created_at          TIMESTAMPTZ               NOT NULL DEFAULT NOW(),
    updated_at          TIMESTAMPTZ               NOT NULL DEFAULT NOW(),
    CONSTRAINT uk_asset_code UNIQUE (asset_code),
    CONSTRAINT fk_asset_created_by FOREIGN KEY (created_by) REFERENCES sys_user (id)
);

COMMENT ON TABLE  asset IS '科研资产表';
COMMENT ON COLUMN asset.id IS '资产ID';
COMMENT ON COLUMN asset.asset_code IS '资产编号';
COMMENT ON COLUMN asset.title IS '资产标题';
COMMENT ON COLUMN asset.asset_type IS '资产类型: PAPER-论文/REPORT-报告/PATENT-专利/DATA-数据/OTHER-其他';
COMMENT ON COLUMN asset.abstract_text IS '摘要';
COMMENT ON COLUMN asset.keywords IS '关键词(逗号分隔)';
COMMENT ON COLUMN asset.authors IS '作者列表';
COMMENT ON COLUMN asset.department IS '所属部门';
COMMENT ON COLUMN asset.project_id IS '关联项目ID';
COMMENT ON COLUMN asset.status IS '状态: DRAFT-草稿/ARCHIVED-已归档/APPROVING-审批中/BORROWED-借阅中/REVOKED-已撤销';
COMMENT ON COLUMN asset.classification_level IS '密级: PUBLIC-公开/INTERNAL-内部/CONFIDENTIAL-机密/SECRET-绝密';
COMMENT ON COLUMN asset.created_by IS '创建人ID';
COMMENT ON COLUMN asset.created_at IS '创建时间';
COMMENT ON COLUMN asset.updated_at IS '更新时间';

CREATE INDEX idx_asset_code ON asset (asset_code);
CREATE INDEX idx_asset_type ON asset (asset_type);
CREATE INDEX idx_asset_status ON asset (status);
CREATE INDEX idx_asset_created_by ON asset (created_by);
CREATE INDEX idx_asset_classification ON asset (classification_level);

-- ============================================================
-- 7. asset_file - 资产附件表
-- ============================================================

CREATE TABLE asset_file (
    id          UUID GENERATED BY DEFAULT AS UUID PRIMARY KEY,
    asset_id    UUID          NOT NULL,
    file_name   VARCHAR(256)  NOT NULL,
    file_path   VARCHAR(512)  NOT NULL,
    file_size   BIGINT        NOT NULL DEFAULT 0,
    file_type   VARCHAR(64),
    oss_key     VARCHAR(512),
    oss_bucket  VARCHAR(128),
    version_id  VARCHAR(128),
    uploaded_by UUID          NOT NULL,
    uploaded_at TIMESTAMPTZ   NOT NULL DEFAULT NOW(),
    CONSTRAINT fk_asset_file_asset FOREIGN KEY (asset_id) REFERENCES asset (id) ON DELETE CASCADE,
    CONSTRAINT fk_asset_file_uploader FOREIGN KEY (uploaded_by) REFERENCES sys_user (id)
);

COMMENT ON TABLE  asset_file IS '资产附件表';
COMMENT ON COLUMN asset_file.id IS '附件ID';
COMMENT ON COLUMN asset_file.asset_id IS '关联资产ID';
COMMENT ON COLUMN asset_file.file_name IS '文件名';
COMMENT ON COLUMN asset_file.file_path IS '文件路径';
COMMENT ON COLUMN asset_file.file_size IS '文件大小(字节)';
COMMENT ON COLUMN asset_file.file_type IS '文件MIME类型';
COMMENT ON COLUMN asset_file.oss_key IS 'OSS对象键';
COMMENT ON COLUMN asset_file.oss_bucket IS 'OSS存储桶';
COMMENT ON COLUMN asset_file.version_id IS '版本标识';
COMMENT ON COLUMN asset_file.uploaded_by IS '上传人ID';
COMMENT ON COLUMN asset_file.uploaded_at IS '上传时间';

CREATE INDEX idx_asset_file_asset_id ON asset_file (asset_id);
CREATE INDEX idx_asset_file_uploaded_by ON asset_file (uploaded_by);

-- ============================================================
-- 8. asset_version - 资产版本表
-- ============================================================

CREATE TABLE asset_version (
    id                 UUID GENERATED BY DEFAULT AS UUID PRIMARY KEY,
    asset_id           UUID         NOT NULL,
    version_number     INT          NOT NULL,
    version_tag        VARCHAR(64),
    change_description VARCHAR(512),
    created_by         UUID         NOT NULL,
    created_at         TIMESTAMPTZ  NOT NULL DEFAULT NOW(),
    CONSTRAINT fk_asset_version_asset FOREIGN KEY (asset_id) REFERENCES asset (id) ON DELETE CASCADE,
    CONSTRAINT fk_asset_version_creator FOREIGN KEY (created_by) REFERENCES sys_user (id),
    CONSTRAINT uk_asset_version UNIQUE (asset_id, version_number)
);

COMMENT ON TABLE  asset_version IS '资产版本表';
COMMENT ON COLUMN asset_version.id IS '版本ID';
COMMENT ON COLUMN asset_version.asset_id IS '关联资产ID';
COMMENT ON COLUMN asset_version.version_number IS '版本号';
COMMENT ON COLUMN asset_version.version_tag IS '版本标签';
COMMENT ON COLUMN asset_version.change_description IS '变更说明';
COMMENT ON COLUMN asset_version.created_by IS '创建人ID';
COMMENT ON COLUMN asset_version.created_at IS '创建时间';

CREATE INDEX idx_asset_version_asset_id ON asset_version (asset_id);

-- ============================================================
-- 9. circulation_record - 流转记录表
-- ============================================================

CREATE TABLE circulation_record (
    id                   UUID GENERATED BY DEFAULT AS UUID PRIMARY KEY,
    asset_id             UUID                   NOT NULL,
    borrower_id          UUID                   NOT NULL,
    borrow_purpose       VARCHAR(512)           NOT NULL,
    borrow_date          DATE                   NOT NULL,
    expected_return_date DATE                   NOT NULL,
    actual_return_date   DATE,
    status               circulation_status_enum NOT NULL DEFAULT 'PENDING',
    approver_id          UUID,
    approved_at          TIMESTAMPTZ,
    created_at           TIMESTAMPTZ            NOT NULL DEFAULT NOW(),
    CONSTRAINT fk_circulation_asset FOREIGN KEY (asset_id) REFERENCES asset (id),
    CONSTRAINT fk_circulation_borrower FOREIGN KEY (borrower_id) REFERENCES sys_user (id),
    CONSTRAINT fk_circulation_approver FOREIGN KEY (approver_id) REFERENCES sys_user (id)
);

COMMENT ON TABLE  circulation_record IS '流转记录表';
COMMENT ON COLUMN circulation_record.id IS '流转记录ID';
COMMENT ON COLUMN circulation_record.asset_id IS '关联资产ID';
COMMENT ON COLUMN circulation_record.borrower_id IS '借阅人ID';
COMMENT ON COLUMN circulation_record.borrow_purpose IS '借阅目的';
COMMENT ON COLUMN circulation_record.borrow_date IS '借阅日期';
COMMENT ON COLUMN circulation_record.expected_return_date IS '预计归还日期';
COMMENT ON COLUMN circulation_record.actual_return_date IS '实际归还日期';
COMMENT ON COLUMN circulation_record.status IS '状态: PENDING-待审批/APPROVED-已批准/ACTIVE-借阅中/RETURNED-已归还/OVERDUE-逾期';
COMMENT ON COLUMN circulation_record.approver_id IS '审批人ID';
COMMENT ON COLUMN circulation_record.approved_at IS '审批时间';
COMMENT ON COLUMN circulation_record.created_at IS '创建时间';

CREATE INDEX idx_circulation_asset_id ON circulation_record (asset_id);
CREATE INDEX idx_circulation_borrower_id ON circulation_record (borrower_id);
CREATE INDEX idx_circulation_status ON circulation_record (status);

-- ============================================================
-- 10. approval_flow - 审批流定义表
-- ============================================================

CREATE TABLE approval_flow (
    id          UUID GENERATED BY DEFAULT AS UUID PRIMARY KEY,
    flow_name   VARCHAR(128)   NOT NULL,
    flow_type   flow_type_enum NOT NULL,
    description VARCHAR(512),
    created_at  TIMESTAMPTZ    NOT NULL DEFAULT NOW()
);

COMMENT ON TABLE  approval_flow IS '审批流定义表';
COMMENT ON COLUMN approval_flow.id IS '审批流ID';
COMMENT ON COLUMN approval_flow.flow_name IS '审批流名称';
COMMENT ON COLUMN approval_flow.flow_type IS '审批流类型: ARCHIVE-归档/BORROW-借阅/REVOKE-撤销';
COMMENT ON COLUMN approval_flow.description IS '审批流描述';
COMMENT ON COLUMN approval_flow.created_at IS '创建时间';

CREATE INDEX idx_approval_flow_type ON approval_flow (flow_type);

-- ============================================================
-- 11. approval_node - 审批节点表
-- ============================================================

CREATE TABLE approval_node (
    id               UUID GENERATED BY DEFAULT AS UUID PRIMARY KEY,
    flow_id          UUID            NOT NULL,
    node_order       INT             NOT NULL,
    node_name        VARCHAR(128)    NOT NULL,
    approver_role_id UUID,
    approver_id      UUID,
    node_type        node_type_enum  NOT NULL DEFAULT 'SINGLE',
    created_at       TIMESTAMPTZ     NOT NULL DEFAULT NOW(),
    CONSTRAINT fk_approval_node_flow FOREIGN KEY (flow_id) REFERENCES approval_flow (id) ON DELETE CASCADE,
    CONSTRAINT fk_approval_node_role FOREIGN KEY (approver_role_id) REFERENCES sys_role (id),
    CONSTRAINT fk_approval_node_approver FOREIGN KEY (approver_id) REFERENCES sys_user (id)
);

COMMENT ON TABLE  approval_node IS '审批节点表';
COMMENT ON COLUMN approval_node.id IS '审批节点ID';
COMMENT ON COLUMN approval_node.flow_id IS '关联审批流ID';
COMMENT ON COLUMN approval_node.node_order IS '节点顺序';
COMMENT ON COLUMN approval_node.node_name IS '节点名称';
COMMENT ON COLUMN approval_node.approver_role_id IS '审批角色ID(与approver_id二选一)';
COMMENT ON COLUMN approval_node.approver_id IS '指定审批人ID(与approver_role_id二选一)';
COMMENT ON COLUMN approval_node.node_type IS '节点类型: SINGLE-单人审批/ALL-全员审批/ANY-任意一人审批';
COMMENT ON COLUMN approval_node.created_at IS '创建时间';

CREATE INDEX idx_approval_node_flow_id ON approval_node (flow_id);

-- ============================================================
-- 12. approval_instance - 审批实例表
-- ============================================================

CREATE TABLE approval_instance (
    id                UUID GENERATED BY DEFAULT AS UUID PRIMARY KEY,
    flow_id           UUID                           NOT NULL,
    asset_id          UUID                           NOT NULL,
    initiator_id      UUID                           NOT NULL,
    current_node_order INT                            NOT NULL DEFAULT 1,
    status            approval_instance_status_enum   NOT NULL DEFAULT 'PENDING',
    created_at        TIMESTAMPTZ                     NOT NULL DEFAULT NOW(),
    completed_at      TIMESTAMPTZ,
    CONSTRAINT fk_approval_instance_flow FOREIGN KEY (flow_id) REFERENCES approval_flow (id),
    CONSTRAINT fk_approval_instance_asset FOREIGN KEY (asset_id) REFERENCES asset (id),
    CONSTRAINT fk_approval_instance_initiator FOREIGN KEY (initiator_id) REFERENCES sys_user (id)
);

COMMENT ON TABLE  approval_instance IS '审批实例表';
COMMENT ON COLUMN approval_instance.id IS '审批实例ID';
COMMENT ON COLUMN approval_instance.flow_id IS '关联审批流ID';
COMMENT ON COLUMN approval_instance.asset_id IS '关联资产ID';
COMMENT ON COLUMN approval_instance.initiator_id IS '发起人ID';
COMMENT ON COLUMN approval_instance.current_node_order IS '当前节点顺序';
COMMENT ON COLUMN approval_instance.status IS '状态: PENDING-审批中/APPROVED-已通过/REJECTED-已驳回/CANCELLED-已取消';
COMMENT ON COLUMN approval_instance.created_at IS '创建时间';
COMMENT ON COLUMN approval_instance.completed_at IS '完成时间';

CREATE INDEX idx_approval_instance_asset_id ON approval_instance (asset_id);
CREATE INDEX idx_approval_instance_initiator ON approval_instance (initiator_id);
CREATE INDEX idx_approval_instance_status ON approval_instance (status);

-- ============================================================
-- 13. approval_log - 审批日志表
-- ============================================================

CREATE TABLE approval_log (
    id           UUID GENERATED BY DEFAULT AS UUID PRIMARY KEY,
    instance_id  UUID                 NOT NULL,
    node_id      UUID                 NOT NULL,
    approver_id  UUID                 NOT NULL,
    action       approval_action_enum NOT NULL,
    comment      VARCHAR(512),
    created_at   TIMESTAMPTZ          NOT NULL DEFAULT NOW(),
    CONSTRAINT fk_approval_log_instance FOREIGN KEY (instance_id) REFERENCES approval_instance (id) ON DELETE CASCADE,
    CONSTRAINT fk_approval_log_node FOREIGN KEY (node_id) REFERENCES approval_node (id) ON DELETE CASCADE,
    CONSTRAINT fk_approval_log_approver FOREIGN KEY (approver_id) REFERENCES sys_user (id)
);

COMMENT ON TABLE  approval_log IS '审批日志表';
COMMENT ON COLUMN approval_log.id IS '日志ID';
COMMENT ON COLUMN approval_log.instance_id IS '关联审批实例ID';
COMMENT ON COLUMN approval_log.node_id IS '关联审批节点ID';
COMMENT ON COLUMN approval_log.approver_id IS '审批人ID';
COMMENT ON COLUMN approval_log.action IS '审批动作: APPROVE-通过/REJECT-驳回/TRANSFER-转交';
COMMENT ON COLUMN approval_log.comment IS '审批意见';
COMMENT ON COLUMN approval_log.created_at IS '创建时间';

CREATE INDEX idx_approval_log_instance_id ON approval_log (instance_id);
CREATE INDEX idx_approval_log_approver_id ON approval_log (approver_id);

-- ============================================================
-- 14. operation_log - 操作日志表
-- ============================================================

CREATE TABLE operation_log (
    id          UUID GENERATED BY DEFAULT AS UUID PRIMARY KEY,
    user_id     UUID,
    asset_id    UUID,
    action      VARCHAR(64)   NOT NULL,
    detail      TEXT,
    ip_address  VARCHAR(45),
    created_at  TIMESTAMPTZ   NOT NULL DEFAULT NOW(),
    CONSTRAINT fk_operation_log_user FOREIGN KEY (user_id) REFERENCES sys_user (id),
    CONSTRAINT fk_operation_log_asset FOREIGN KEY (asset_id) REFERENCES asset (id)
);

COMMENT ON TABLE  operation_log IS '操作日志表';
COMMENT ON COLUMN operation_log.id IS '日志ID';
COMMENT ON COLUMN operation_log.user_id IS '操作用户ID';
COMMENT ON COLUMN operation_log.asset_id IS '关联资产ID';
COMMENT ON COLUMN operation_log.action IS '操作类型';
COMMENT ON COLUMN operation_log.detail IS '操作详情';
COMMENT ON COLUMN operation_log.ip_address IS 'IP地址';
COMMENT ON COLUMN operation_log.created_at IS '创建时间';

CREATE INDEX idx_operation_log_user_id ON operation_log (user_id);
CREATE INDEX idx_operation_log_asset_id ON operation_log (asset_id);
CREATE INDEX idx_operation_log_created_at ON operation_log (created_at);

-- ============================================================
-- 15. temp_file - 临时文件记录表（孤立文件清理追踪）
-- ============================================================

CREATE TABLE temp_file (
    id                UUID GENERATED BY DEFAULT AS UUID PRIMARY KEY,
    oss_key           VARCHAR(512)   NOT NULL UNIQUE,
    oss_bucket        VARCHAR(128)   NOT NULL,
    original_file_name VARCHAR(256)  NOT NULL,
    file_size         BIGINT         NOT NULL DEFAULT 0,
    file_type         VARCHAR(64),
    uploaded_by       UUID,
    upload_session    VARCHAR(100)   NOT NULL,
    uploaded_at       TIMESTAMPTZ    NOT NULL DEFAULT NOW(),
    expires_at        TIMESTAMPTZ    NOT NULL,
    is_attached       BOOLEAN        NOT NULL DEFAULT FALSE,
    CONSTRAINT fk_temp_file_uploader FOREIGN KEY (uploaded_by) REFERENCES sys_user (id)
);

COMMENT ON TABLE  temp_file IS '临时文件记录表';
COMMENT ON COLUMN temp_file.id IS '记录ID';
COMMENT ON COLUMN temp_file.oss_key IS 'OSS对象键';
COMMENT ON COLUMN temp_file.oss_bucket IS 'OSS存储桶';
COMMENT ON COLUMN temp_file.original_file_name IS '原始文件名';
COMMENT ON COLUMN temp_file.file_size IS '文件大小(字节)';
COMMENT ON COLUMN temp_file.file_type IS '文件MIME类型';
COMMENT ON COLUMN temp_file.uploaded_by IS '上传人ID';
COMMENT ON COLUMN temp_file.upload_session IS '上传会话标识';
COMMENT ON COLUMN temp_file.uploaded_at IS '上传时间';
COMMENT ON COLUMN temp_file.expires_at IS '过期时间';
COMMENT ON COLUMN temp_file.is_attached IS '是否已关联到资产';

CREATE INDEX idx_temp_file_expires ON temp_file (is_attached, expires_at);
CREATE INDEX idx_temp_file_session ON temp_file (upload_session);

-- ============================================================
-- 初始数据
-- ============================================================

-- 超级管理员角色
INSERT INTO sys_role (id, role_code, role_name, description, level)
VALUES (
    '00000000-0000-0000-0000-000000000001',
    'SUPER_ADMIN',
    '超级管理员',
    '系统超级管理员，拥有全部权限',
    0
);

-- 普通用户角色
INSERT INTO sys_role (id, role_code, role_name, description, level)
VALUES (
    '00000000-0000-0000-0000-000000000002',
    'USER',
    '普通用户',
    '系统普通用户，拥有基础操作权限',
    10
);

-- 部门管理员角色
INSERT INTO sys_role (id, role_code, role_name, description, level)
VALUES (
    '00000000-0000-0000-0000-000000000003',
    'DEPT_ADMIN',
    '部门管理员',
    '部门管理员，拥有本部门资产管理及审批权限',
    5
);

-- admin用户（密码为加密占位值，实际部署时需替换）
INSERT INTO sys_user (id, username, password, real_name, email, phone, department, status)
VALUES (
    '00000000-0000-0000-0000-000000000010',
    'admin',
    '$2a$10$PLACEHOLDER_ENCRYPTED_PASSWORD_REPLACE_ON_DEPLOY',
    '系统管理员',
    'admin@example.com',
    NULL,
    '系统管理部',
    1
);

-- admin用户绑定超级管理员角色
INSERT INTO sys_user_role (id, user_id, role_id)
VALUES (
    '00000000-0000-0000-0000-000000000020',
    '00000000-0000-0000-0000-000000000010',
    '00000000-0000-0000-0000-000000000001'
);

-- 基础权限 - 资产管理
INSERT INTO sys_permission (id, permission_code, permission_name, resource_type, resource_id, action) VALUES
('00000000-0000-0000-0000-000000000100', 'asset:create',  '创建资产', 'API', '/api/assets',        'CREATE'),
('00000000-0000-0000-0000-000000000101', 'asset:read',    '查看资产', 'API', '/api/assets',        'READ'),
('00000000-0000-0000-0000-000000000102', 'asset:update',  '编辑资产', 'API', '/api/assets',        'UPDATE'),
('00000000-0000-0000-0000-000000000103', 'asset:delete',  '删除资产', 'API', '/api/assets',        'DELETE'),
('00000000-0000-0000-0000-000000000104', 'asset:archive', '归档资产', 'API', '/api/assets/archive', 'UPDATE'),
('00000000-0000-0000-0000-000000000105', 'asset:revoke',  '撤销资产', 'API', '/api/assets/revoke',  'UPDATE');

-- 基础权限 - 借阅管理
INSERT INTO sys_permission (id, permission_code, permission_name, resource_type, resource_id, action) VALUES
('00000000-0000-0000-0000-000000000110', 'circulation:borrow',  '申请借阅', 'API', '/api/circulation',         'CREATE'),
('00000000-0000-0000-0000-000000000111', 'circulation:return',  '归还资产', 'API', '/api/circulation/return',   'UPDATE'),
('00000000-0000-0000-0000-000000000112', 'circulation:read',    '查看流转', 'API', '/api/circulation',          'READ');

-- 基础权限 - 审批管理
INSERT INTO sys_permission (id, permission_code, permission_name, resource_type, resource_id, action) VALUES
('00000000-0000-0000-0000-000000000120', 'approval:approve',  '审批通过', 'API', '/api/approval/approve',  'UPDATE'),
('00000000-0000-0000-0000-000000000121', 'approval:reject',   '审批驳回', 'API', '/api/approval/reject',   'UPDATE'),
('00000000-0000-0000-0000-000000000122', 'approval:transfer', '审批转交', 'API', '/api/approval/transfer', 'UPDATE'),
('00000000-0000-0000-0000-000000000123', 'approval:read',     '查看审批', 'API', '/api/approval',           'READ');

-- 基础权限 - 系统管理
INSERT INTO sys_permission (id, permission_code, permission_name, resource_type, resource_id, action) VALUES
('00000000-0000-0000-0000-000000000130', 'system:user',    '用户管理', 'MENU', '/system/user',    'READ'),
('00000000-0000-0000-0000-000000000131', 'system:role',    '角色管理', 'MENU', '/system/role',    'READ'),
('00000000-0000-0000-0000-000000000132', 'system:perm',    '权限管理', 'MENU', '/system/perm',    'READ'),
('00000000-0000-0000-0000-000000000133', 'system:flow',    '审批流管理', 'MENU', '/system/flow', 'READ'),
('00000000-0000-0000-0000-000000000134', 'system:log',     '日志管理', 'MENU', '/system/log',     'READ');

-- 超级管理员绑定全部权限
INSERT INTO sys_role_permission (id, role_id, permission_id)
SELECT
    '00000000-0000-0000-0000-' || LPAD(ROW_NUMBER() OVER ()::TEXT, 12, '0'),
    '00000000-0000-0000-0000-000000000001',
    id
FROM sys_permission;

-- 普通用户绑定基础查看与借阅权限
INSERT INTO sys_role_permission (id, role_id, permission_id) VALUES
('00000000-0000-0001-0000-000000000001', '00000000-0000-0000-0000-000000000002', '00000000-0000-0000-0000-000000000101'),
('00000000-0000-0001-0000-000000000002', '00000000-0000-0000-0000-000000000002', '00000000-0000-0000-0000-000000000100'),
('00000000-0000-0001-0000-000000000003', '00000000-0000-0000-0000-000000000002', '00000000-0000-0000-0000-000000000102'),
('00000000-0000-0001-0000-000000000004', '00000000-0000-0000-0000-000000000002', '00000000-0000-0000-0000-000000000110'),
('00000000-0000-0001-0000-000000000005', '00000000-0000-0000-0000-000000000002', '00000000-0000-0000-0000-000000000111'),
('00000000-0000-0001-0000-000000000006', '00000000-0000-0000-0000-000000000002', '00000000-0000-0000-0000-000000000112');

-- 部门管理员绑定审批相关权限及资产管理权限
INSERT INTO sys_role_permission (id, role_id, permission_id) VALUES
('00000000-0000-0002-0000-000000000001', '00000000-0000-0000-0000-000000000003', '00000000-0000-0000-0000-000000000100'),
('00000000-0000-0002-0000-000000000002', '00000000-0000-0000-0000-000000000003', '00000000-0000-0000-0000-000000000101'),
('00000000-0000-0002-0000-000000000003', '00000000-0000-0000-0000-000000000003', '00000000-0000-0000-0000-000000000102'),
('00000000-0000-0002-0000-000000000004', '00000000-0000-0000-0000-000000000003', '00000000-0000-0000-0000-000000000104'),
('00000000-0000-0002-0000-000000000005', '00000000-0000-0000-0000-000000000003', '00000000-0000-0000-0000-000000000120'),
('00000000-0000-0002-0000-000000000006', '00000000-0000-0000-0000-000000000003', '00000000-0000-0000-0000-000000000121'),
('00000000-0000-0002-0000-000000000007', '00000000-0000-0000-0000-000000000003', '00000000-0000-0000-0000-000000000122'),
('00000000-0000-0002-0000-000000000008', '00000000-0000-0000-0000-000000000003', '00000000-0000-0000-0000-000000000123'),
('00000000-0000-0002-0000-000000000009', '00000000-0000-0000-0000-000000000003', '00000000-0000-0000-0000-000000000112');

-- ============================================================
-- 16. sys_notification - 通知表
-- ============================================================

CREATE TABLE sys_notification (
    id          UUID GENERATED BY DEFAULT AS UUID PRIMARY KEY,
    user_id     UUID         NOT NULL,
    type        VARCHAR(20)  NOT NULL,
    title       VARCHAR(200) NOT NULL,
    content     TEXT,
    related_id  UUID,
    is_read     BOOLEAN      NOT NULL DEFAULT FALSE,
    created_at  TIMESTAMPTZ  NOT NULL DEFAULT NOW(),
    read_at     TIMESTAMPTZ,
    CONSTRAINT fk_notification_user FOREIGN KEY (user_id) REFERENCES sys_user (id) ON DELETE CASCADE
);

COMMENT ON TABLE  sys_notification IS '通知表';
COMMENT ON COLUMN sys_notification.id IS '通知ID';
COMMENT ON COLUMN sys_notification.user_id IS '用户ID';
COMMENT ON COLUMN sys_notification.type IS '通知类型: BORROW_DUE-到期提醒/BORROW_OVERDUE-逾期提醒/APPROVAL-待审批/APPROVED-已通过';
COMMENT ON COLUMN sys_notification.title IS '通知标题';
COMMENT ON COLUMN sys_notification.content IS '通知内容';
COMMENT ON COLUMN sys_notification.related_id IS '关联ID(借阅记录ID或审批ID)';
COMMENT ON COLUMN sys_notification.is_read 是否已读;
COMMENT ON COLUMN sys_notification.created_at IS '创建时间';
COMMENT ON COLUMN sys_notification.read_at IS '阅读时间';

CREATE INDEX idx_notification_user_id ON sys_notification (user_id);
CREATE INDEX idx_notification_is_read ON sys_notification (is_read);
CREATE INDEX idx_notification_created_at ON sys_notification (created_at);

-- ============================================================
-- 16. sys_tag - 标签表
-- ============================================================

CREATE TABLE sys_tag (
    id                  UUID GENERATED BY DEFAULT AS UUID PRIMARY KEY,
    tag_name            VARCHAR(50)   NOT NULL,
    tag_code            VARCHAR(50)   NOT NULL,
    tag_type            VARCHAR(20)   NOT NULL,
    color               VARCHAR(20),
    description         VARCHAR(255),
    auto_classify_rule  TEXT,
    use_count           INT           NOT NULL DEFAULT 0,
    created_at          TIMESTAMPTZ   NOT NULL DEFAULT NOW(),
    CONSTRAINT uk_tag_name UNIQUE (tag_name),
    CONSTRAINT uk_tag_code UNIQUE (tag_code)
);

COMMENT ON TABLE  sys_tag IS '标签表';
COMMENT ON COLUMN sys_tag.id IS '标签ID';
COMMENT ON COLUMN sys_tag.tag_name IS '标签名称';
COMMENT ON COLUMN sys_tag.tag_code IS '标签编码';
COMMENT ON COLUMN sys_tag.tag_type IS '标签类型: SYSTEM-系统标签/CUSTOM-自定义标签';
COMMENT ON COLUMN sys_tag.color IS '标签颜色';
COMMENT ON COLUMN sys_tag.description IS '标签描述';
COMMENT ON COLUMN sys_tag.auto_classify_rule IS '自动分类规则(JSON格式)';
COMMENT ON COLUMN sys_tag.use_count IS '使用次数';
COMMENT ON COLUMN sys_tag.created_at IS '创建时间';

CREATE INDEX idx_tag_type ON sys_tag (tag_type);
CREATE INDEX idx_tag_use_count ON sys_tag (use_count DESC);

-- ============================================================
-- 17. sys_asset_tag - 资产标签关联表
-- ============================================================

CREATE TABLE sys_asset_tag (
    id         UUID GENERATED BY DEFAULT AS UUID PRIMARY KEY,
    asset_id   UUID        NOT NULL,
    tag_id     UUID        NOT NULL,
    created_at TIMESTAMPTZ NOT NULL DEFAULT NOW(),
    CONSTRAINT fk_asset_tag_asset FOREIGN KEY (asset_id) REFERENCES asset (id) ON DELETE CASCADE,
    CONSTRAINT fk_asset_tag_tag FOREIGN KEY (tag_id) REFERENCES sys_tag (id) ON DELETE CASCADE,
    CONSTRAINT uk_asset_tag UNIQUE (asset_id, tag_id)
);

COMMENT ON TABLE  sys_asset_tag IS '资产标签关联表';
COMMENT ON COLUMN sys_asset_tag.id IS '关联ID';
COMMENT ON COLUMN sys_asset_tag.asset_id IS '资产ID';
COMMENT ON COLUMN sys_asset_tag.tag_id IS '标签ID';
COMMENT ON COLUMN sys_asset_tag.created_at IS '创建时间';

CREATE INDEX idx_asset_tag_asset_id ON sys_asset_tag (asset_id);
CREATE INDEX idx_asset_tag_tag_id ON sys_asset_tag (tag_id);

-- ============================================================
-- 标签初始数据
-- ============================================================

-- 学科分类标签
INSERT INTO sys_tag (id, tag_name, tag_code, tag_type, color, description, auto_classify_rule) VALUES
('00000000-0000-0003-0000-000000000001', '计算机科学', 'SUBJECT_CS', 'SYSTEM', '#3b82f6', '计算机科学与技术', '{"keywords":["计算机","算法","数据结构","人工智能","机器学习","深度学习","神经网络","自然语言处理","计算机视觉","软件工程","操作系统","数据库","网络"]}'),
('00000000-0000-0003-0000-000000000002', '电子工程', 'SUBJECT_EE', 'SYSTEM', '#8b5cf6', '电子与电气工程', '{"keywords":["电子","电路","芯片","半导体","集成电路","通信","信号处理","微波","天线","嵌入式","FPGA","单片机"]}'),
('00000000-0000-0003-0000-000000000003', '机械工程', 'SUBJECT_ME', 'SYSTEM', '#f59e0b', '机械与航空航天工程', '{"keywords":["机械","力学","材料","制造","加工","数控","机器人","自动化","航空","航天","发动机","流体力学"]}'),
('00000000-0000-0003-0000-000000000004', '生物医学', 'SUBJECT_BIO', 'SYSTEM', '#10b981', '生物与医学工程', '{"keywords":["生物","医学","基因","细胞","蛋白质","DNA","RNA","病毒","疫苗","药物","病理","临床"]}'),
('00000000-0000-0003-0000-000000000005', '材料科学', 'SUBJECT_MAT', 'SYSTEM', '#ef4444', '材料科学与工程', '{"keywords":["材料","金属","陶瓷","高分子","复合材料","纳米","石墨烯","半导体材料","超导","晶体"]}'),
('00000000-0000-0003-0000-000000000006', '能源科学', 'SUBJECT_ENERGY', 'SYSTEM', '#22c55e', '能源与动力工程', '{"keywords":["能源","电力","电池","光伏","风电","核能","氢能","储能","电网","节能","碳排放"]}'),
('00000000-0000-0003-0000-000000000007', '数理科学', 'SUBJECT_MATH', 'SYSTEM', '#06b6d4', '数学与物理科学', '{"keywords":["数学","物理","几何","代数","统计","量子","相对论","力学","光学","热力学","粒子物理"]}'),
('00000000-0000-0003-0000-000000000008', '化学化工', 'SUBJECT_CHEM', 'SYSTEM', '#ec4899', '化学与化学工程', '{"keywords":["化学","化工","有机","无机","分析化学","物理化学","催化","聚合","反应工程","分离"]}');

-- 项目类型标签
INSERT INTO sys_tag (id, tag_name, tag_code, tag_type, color, description, auto_classify_rule) VALUES
('00000000-0000-0003-0000-000000000010', '基础研究', 'PROJ_BASIC', 'SYSTEM', '#6366f1', '基础理论研究项目', '{"keywords":["基础研究","理论研究","机理研究","探索","基金","自然科学","973","重大研究计划"]}'),
('00000000-0000-0003-0000-000000000011', '应用研究', 'PROJ_APPLIED', 'SYSTEM', '#8b5cf6', '应用技术研究项目', '{"keywords":["应用研究","技术开发","工艺研究","实验研究","试验","样机","原型"]}'),
('00000000-0000-0003-0000-000000000012', '工程应用', 'PROJ_ENGINEERING', 'SYSTEM', '#f59e0b', '工程应用与示范项目', '{"keywords":["工程应用","示范","产业化","推广","生产线","改造","集成","系统","工程实施"]}'),
('00000000-0000-0003-0000-000000000013', '国防军工', 'PROJ_DEFENSE', 'SYSTEM', '#ef4444', '国防与军工项目', '{"keywords":["国防","军工","航天","航空","舰船","兵器","雷达","制导","隐身","核技术","军用"]}');

-- 密级标签
INSERT INTO sys_tag (id, tag_name, tag_code, tag_type, color, description, auto_classify_rule) VALUES
('00000000-0000-0003-0000-000000000020', '公开', 'CLASS_PUBLIC', 'SYSTEM', '#22c55e', '可公开的研究成果', '{"keywords":["公开","发表","期刊","会议","开源","共享"]}'),
('00000000-0000-0003-0000-000000000021', '内部', 'CLASS_INTERNAL', 'SYSTEM', '#eab308', '内部使用，不宜公开', '{"keywords":["内部","保密","涉密","限制","仅供内部"]}'),
('00000000-0000-0003-0000-000000000022', '机密', 'CLASS_CONFIDENTIAL', 'SYSTEM', '#f97316', '含有重要涉密内容', '{"keywords":["机密","涉密","保密","敏感","国家秘密","商业秘密"]}'),
('00000000-0000-0003-0000-000000000023', '绝密', 'CLASS_SECRET', 'SYSTEM', '#dc2626', '含有核心涉密内容', '{"keywords":["绝密","核心秘密","最高密级","国家核心秘密"]}');

-- 资产类型标签
INSERT INTO sys_tag (id, tag_name, tag_code, tag_type, color, description, auto_classify_rule) VALUES
('00000000-0000-0003-0000-000000000030', '期刊论文', 'ASSET_JOURNAL', 'SYSTEM', '#3b82f6', '发表于期刊的学术论文', '{"keywords":["期刊","论文","发表","DOI","ISSN","卷","期","页码","审稿"]}'),
('00000000-0000-0003-0000-000000000031', '会议论文', 'ASSET_CONFERENCE', 'SYSTEM', '#8b5cf6', '发表于会议的学术论文', '{"keywords":["会议","研讨会","论坛","年会","论文集","proceedings","conference"]}'),
('00000000-0000-0003-0000-000000000032', '专利', 'ASSET_PATENT', 'SYSTEM', '#f59e0b', '发明专利、实用新型、外观设计', '{"keywords":["专利","发明","实用新型","外观设计","申请号","授权","IPC","权利要求"]}'),
('00000000-0000-0003-0000-000000000033', '技术报告', 'ASSET_REPORT', 'SYSTEM', '#10b981', '技术研究报告、调研报告', '{"keywords":["报告","研究报告","技术报告","调研报告","可行性报告","中期报告","结题报告"]}'),
('00000000-0000-0003-0000-000000000034', '数据集', 'ASSET_DATA', 'SYSTEM', '#06b6d4', '实验数据、观测数据、统计数据', '{"keywords":["数据","数据集","数据库","数据采集","数据处理","样本","统计","观测"]}'),
('00000000-0000-0003-0000-000000000035', '软件著作权', 'ASSET_SOFTWARE', 'SYSTEM', '#ec4899', '软件产品、源代码、文档', '{"keywords":["软件","程序","代码","算法实现","系统","平台","软件著作权","源代码"]}'),
('00000000-0000-0003-0000-000000000036', '标准规范', 'ASSET_STANDARD', 'SYSTEM', '#64748b', '国家标准、行业标准、技术规范', '{"keywords":["标准","规范","规程","国标","行标","ISO","IEC","GB","技术要求"]}');

-- 研究热点标签
INSERT INTO sys_tag (id, tag_name, tag_code, tag_type, color, description, auto_classify_rule) VALUES
('00000000-0000-0003-0000-000000000040', '人工智能', 'HOT_AI', 'SYSTEM', '#ef4444', '人工智能相关研究', '{"keywords":["人工智能","AI","机器学习","深度学习","神经网络","自然语言处理","计算机视觉","大语言模型","LLM","GPT"]}'),
('00000000-0000-0003-0000-000000000041', '集成电路', 'HOT_IC', 'SYSTEM', '#f59e0b', '集成电路与芯片设计', '{"keywords":["芯片","集成电路","IC","EDA","晶圆","光刻","封装","CPU","GPU","FPGA","SoC"]}'),
('00000000-0000-0003-0000-000000000042', '新能源', 'HOT_NEWENERGY', 'SYSTEM', '#22c55e', '新能源与清洁能源技术', '{"keywords":["新能源","光伏","太阳能","风电","锂电池","储能","氢能","燃料电池","碳达峰","碳中和"]}'),
('00000000-0000-0003-0000-000000000043', '生物医药', 'HOT_BIO', 'SYSTEM', '#ec4899', '生物医药与健康科学', '{"keywords":["生物医药","抗体","靶向药物","免疫治疗","基因编辑","CRISPR","mRNA","干细胞","精准医疗"]}'),
('00000000-0000-0003-0000-000000000044', '量子科技', 'HOT_QUANTUM', 'SYSTEM', '#8b5cf6', '量子计算与量子通信', '{"keywords":["量子","量子计算","量子通信","量子比特","量子纠缠","量子密钥","量子传感"]}'),
('00000000-0000-0003-0000-000000000045', '智能制造', 'HOT_MFG', 'SYSTEM', '#6366f1', '智能制造与工业4.0', '{"keywords":["智能制造","工业4.0","工业互联网","数字孪生","机器人","自动化","智能工厂","MES","CPS"]}');

-- ============================================================
-- 16. sys_upload_task - 分片上传任务表
-- ============================================================

CREATE TABLE sys_upload_task (
    id              UUID GENERATED BY DEFAULT AS UUID PRIMARY KEY,
    upload_id       VARCHAR(64)    NOT NULL,
    file_name       VARCHAR(255)   NOT NULL,
    file_size       BIGINT         NOT NULL,
    file_type       VARCHAR(50),
    mime_type       VARCHAR(100),
    chunk_size      INT            NOT NULL DEFAULT 5242880,
    total_chunks    INT            NOT NULL,
    uploaded_chunks INT            NOT NULL DEFAULT 0,
    uploaded_size   BIGINT         NOT NULL DEFAULT 0,
    oss_key         VARCHAR(512),
    user_id         UUID           NOT NULL,
    status          VARCHAR(20)    NOT NULL DEFAULT 'INIT',
    created_at      TIMESTAMPTZ    NOT NULL DEFAULT NOW(),
    completed_at    TIMESTAMPTZ,
    expired_at      TIMESTAMPTZ    NOT NULL,
    CONSTRAINT uk_upload_task_upload_id UNIQUE (upload_id),
    CONSTRAINT fk_upload_task_user FOREIGN KEY (user_id) REFERENCES sys_user (id)
);

COMMENT ON TABLE  sys_upload_task IS '分片上传任务表';
COMMENT ON COLUMN sys_upload_task.id IS '主键ID';
COMMENT ON COLUMN sys_upload_task.upload_id IS '上传任务ID';
COMMENT ON COLUMN sys_upload_task.file_name IS '文件名';
COMMENT ON COLUMN sys_upload_task.file_size IS '文件大小(字节)';
COMMENT ON COLUMN sys_upload_task.file_type IS '文件类型';
COMMENT ON COLUMN sys_upload_task.mime_type IS 'MIME类型';
COMMENT ON COLUMN sys_upload_task.chunk_size IS '分片大小(字节),默认5MB';
COMMENT ON COLUMN sys_upload_task.total_chunks IS '总分片数';
COMMENT ON COLUMN sys_upload_task.uploaded_chunks IS '已上传分片数';
COMMENT ON COLUMN sys_upload_task.uploaded_size IS '已上传大小(字节)';
COMMENT ON COLUMN sys_upload_task.oss_key IS '最终OSS对象键';
COMMENT ON COLUMN sys_upload_task.user_id IS '上传用户ID';
COMMENT ON COLUMN sys_upload_task.status IS '状态: INIT/UPLOADING/PAUSED/COMPLETED/FAILED';
COMMENT ON COLUMN sys_upload_task.created_at IS '创建时间';
COMMENT ON COLUMN sys_upload_task.completed_at IS '完成时间';
COMMENT ON COLUMN sys_upload_task.expired_at IS '过期时间(24小时后)';

CREATE INDEX idx_upload_task_user_id ON sys_upload_task (user_id);
CREATE INDEX idx_upload_task_status ON sys_upload_task (status);
CREATE INDEX idx_upload_task_expired_at ON sys_upload_task (expired_at);

-- ============================================================
-- 17. sys_upload_chunk - 分片上传分片表
-- ============================================================

CREATE TABLE sys_upload_chunk (
    id            UUID GENERATED BY DEFAULT AS UUID PRIMARY KEY,
    upload_id     VARCHAR(64)    NOT NULL,
    chunk_number  INT            NOT NULL,
    chunk_size    INT            NOT NULL,
    oss_key       VARCHAR(512)   NOT NULL,
    md5           VARCHAR(32),
    created_at    TIMESTAMPTZ    NOT NULL DEFAULT NOW(),
    CONSTRAINT uk_upload_chunk UNIQUE (upload_id, chunk_number)
);

COMMENT ON TABLE  sys_upload_chunk IS '分片上传分片表';
COMMENT ON COLUMN sys_upload_chunk.id IS '主键ID';
COMMENT ON COLUMN sys_upload_chunk.upload_id IS '上传任务ID';
COMMENT ON COLUMN sys_upload_chunk.chunk_number IS '分片号(从1开始)';
COMMENT ON COLUMN sys_upload_chunk.chunk_size IS '分片大小(字节)';
COMMENT ON COLUMN sys_upload_chunk.oss_key IS '分片OSS对象键';
COMMENT ON COLUMN sys_upload_chunk.md5 IS '分片MD5校验值';
COMMENT ON COLUMN sys_upload_chunk.created_at IS '创建时间';

CREATE INDEX idx_upload_chunk_upload_id ON sys_upload_chunk (upload_id);

-- ============================================================
-- 审批流模块重构 - 新增和更新
-- ============================================================

-- ============================================================
-- 新增枚举类型
-- ============================================================

CREATE TYPE approval_result_enum AS ENUM ('APPROVED', 'REJECTED', 'TRANSFERRED', 'SKIPPED', 'AUTO_APPROVED');
-- 审批结果: 通过/驳回/转审/跳过/自动通过

-- ============================================================
-- 更新 approval_node 表 - 添加新字段
-- ============================================================

ALTER TABLE approval_node ADD COLUMN IF NOT EXISTS condition_expression VARCHAR(512);
COMMENT ON COLUMN approval_node.condition_expression IS '节点跳转条件表达式';

ALTER TABLE approval_node ADD COLUMN IF NOT EXISTS is_skippable BOOLEAN NOT NULL DEFAULT FALSE;
COMMENT ON COLUMN approval_node.is_skippable IS '是否可跳过';

ALTER TABLE approval_node ADD COLUMN IF NOT EXISTS auto_approve BOOLEAN NOT NULL DEFAULT FALSE;
COMMENT ON COLUMN approval_node.auto_approve IS '是否自动审批';

ALTER TABLE approval_node ADD COLUMN IF NOT EXISTS auto_approve_condition VARCHAR(512);
COMMENT ON COLUMN approval_node.auto_approve_condition IS '自动审批条件表达式';

ALTER TABLE approval_node ADD COLUMN IF NOT EXISTS next_node_id UUID;
COMMENT ON COLUMN approval_node.next_node_id IS '下一节点ID(链式结构)';

ALTER TABLE approval_node ADD COLUMN IF NOT EXISTS next_node_ids TEXT;
COMMENT ON COLUMN approval_node.next_node_ids IS '下一节点ID列表(JSON数组, 用于条件分支)';

CREATE INDEX idx_approval_node_next_node_id ON approval_node (next_node_id);

-- ============================================================
-- 更新 approval_instance 表 - 添加新字段
-- ============================================================

ALTER TABLE approval_instance ADD COLUMN IF NOT EXISTS current_node_id UUID;
COMMENT ON COLUMN approval_instance.current_node_id IS '当前节点ID';

ALTER TABLE approval_instance ADD COLUMN IF NOT EXISTS next_node_ids TEXT;
COMMENT ON COLUMN approval_instance.next_node_ids IS '下一节点ID列表(JSON数组)';

ALTER TABLE approval_instance ADD COLUMN IF NOT EXISTS approval_path TEXT;
COMMENT ON COLUMN approval_instance.approval_path IS '已审批路径(JSON数组)';

ALTER TABLE approval_instance ADD COLUMN IF NOT EXISTS context TEXT;
COMMENT ON COLUMN approval_instance.context IS '审批上下文(JSON格式, 包含资产信息等)';

CREATE INDEX idx_approval_instance_current_node_id ON approval_instance (current_node_id);
CREATE INDEX idx_approval_instance_status ON approval_instance (status);

-- ============================================================
-- 预置简化的审批流模板数据
-- ============================================================

-- 预置审批流: 归档审批 - 申请人 -> 部门主管 -> 档案管理员
INSERT INTO approval_flow (id, flow_name, flow_type, description, created_at) VALUES
(
    '10000000-0000-0000-0000-000000000001',
    '归档审批流程',
    'ARCHIVE',
    '归档审批：申请人 -> 部门主管 -> 档案管理员',
    NOW()
) ON CONFLICT (id) DO NOTHING;

-- 归档审批节点
INSERT INTO approval_node (id, flow_id, node_order, node_name, approver_role_id, node_type, condition_expression, is_skippable, auto_approve, auto_approve_condition, created_at) VALUES
(
    '10000000-0000-0000-0000-000000000010',
    '10000000-0000-0000-0000-000000000001',
    1,
    '发起申请',
    NULL,
    'SINGLE',
    NULL,
    FALSE,
    TRUE,
    NULL,
    NOW()
),
(
    '10000000-0000-0000-0000-000000000011',
    '10000000-0000-0000-0000-000000000001',
    2,
    '部门主管审批',
    '00000000-0000-0000-0000-000000000003',
    'SINGLE',
    NULL,
    FALSE,
    FALSE,
    NULL,
    NOW()
),
(
    '10000000-0000-0000-0000-000000000012',
    '10000000-0000-0000-0000-000000000001',
    3,
    '档案管理员审批',
    NULL,
    'SINGLE',
    NULL,
    FALSE,
    FALSE,
    NULL,
    NOW()
) ON CONFLICT (id) DO NOTHING;

-- 设置节点链式关系
UPDATE approval_node SET next_node_id = '10000000-0000-0000-0000-000000000011' 
WHERE id = '10000000-0000-0000-0000-000000000010';

UPDATE approval_node SET next_node_id = '10000000-0000-0000-0000-000000000012' 
WHERE id = '10000000-0000-0000-0000-000000000011';

-- 预置审批流: 借阅审批 - 申请人 -> 部门主管（金额>5000需总监）
INSERT INTO approval_flow (id, flow_name, flow_type, description, created_at) VALUES
(
    '10000000-0000-0000-0000-000000000002',
    '借阅审批流程',
    'BORROW',
    '借阅审批：申请人 -> 部门主管（金额>5000需总监）',
    NOW()
) ON CONFLICT (id) DO NOTHING;

-- 借阅审批节点
INSERT INTO approval_node (id, flow_id, node_order, node_name, approver_role_id, node_type, condition_expression, is_skippable, auto_approve, auto_approve_condition, created_at) VALUES
(
    '10000000-0000-0000-0000-000000000020',
    '10000000-0000-0000-0000-000000000002',
    1,
    '发起申请',
    NULL,
    'SINGLE',
    NULL,
    FALSE,
    TRUE,
    NULL,
    NOW()
),
(
    '10000000-0000-0000-0000-000000000021',
    '10000000-0000-0000-0000-000000000002',
    2,
    '部门主管审批',
    '00000000-0000-0000-0000-000000000003',
    'SINGLE',
    '${asset.amount} <= 5000',
    FALSE,
    FALSE,
    NULL,
    NOW()
),
(
    '10000000-0000-0000-0000-000000000022',
    '10000000-0000-0000-0000-000000000002',
    3,
    '总监审批',
    '00000000-0000-0000-0000-000000000001',
    'SINGLE',
    '${asset.amount} > 5000',
    FALSE,
    FALSE,
    NULL,
    NOW()
) ON CONFLICT (id) DO NOTHING;

-- 设置节点链式关系
UPDATE approval_node SET next_node_id = '10000000-0000-0000-0000-000000000021',
    next_node_ids = '["10000000-0000-0000-0000-000000000021","10000000-0000-0000-0000-000000000022"]'
WHERE id = '10000000-0000-0000-0000-000000000020';

-- 预置审批流: 通用二级审批 - 部门主管 -> 分管领导
INSERT INTO approval_flow (id, flow_name, flow_type, description, created_at) VALUES
(
    '10000000-0000-0000-0000-000000000003',
    '通用二级审批',
    'REVOKE',
    '通用二级审批：部门主管 -> 分管领导',
    NOW()
) ON CONFLICT (id) DO NOTHING;

-- 通用二级审批节点
INSERT INTO approval_node (id, flow_id, node_order, node_name, approver_role_id, node_type, condition_expression, is_skippable, auto_approve, auto_approve_condition, created_at) VALUES
(
    '10000000-0000-0000-0000-000000000030',
    '10000000-0000-0000-0000-000000000003',
    1,
    '发起申请',
    NULL,
    'SINGLE',
    NULL,
    FALSE,
    TRUE,
    NULL,
    NOW()
),
(
    '10000000-0000-0000-0000-000000000031',
    '10000000-0000-0000-0000-000000000003',
    2,
    '部门主管审批',
    '00000000-0000-0000-0000-000000000003',
    'SINGLE',
    NULL,
    FALSE,
    FALSE,
    NULL,
    NOW()
),
(
    '10000000-0000-0000-0000-000000000032',
    '10000000-0000-0000-0000-000000000003',
    3,
    '分管领导审批',
    '00000000-0000-0000-0000-000000000001',
    'SINGLE',
    NULL,
    FALSE,
    FALSE,
    NULL,
    NOW()
) ON CONFLICT (id) DO NOTHING;

-- 设置节点链式关系
UPDATE approval_node SET next_node_id = '10000000-0000-0000-0000-000000000031' 
WHERE id = '10000000-0000-0000-0000-000000000030';

UPDATE approval_node SET next_node_id = '10000000-0000-0000-0000-000000000032' 
WHERE id = '10000000-0000-0000-0000-000000000031';
