node_id,x,y,head(m),pressure(kPa),velocity_x(m/s),velocity_y(m/s),gradient
0,-20.0000,-10.0000,26.7418,360.4374,3.696371e-10,-3.870038e-10,0.000021
1,-17.9890,-10.0000,26.7418,360.4366,7.785606e-10,-4.280974e-10,0.000059
2,-15.9780,-10.0000,26.7415,360.4340,1.722461e-09,-5.599085e-10,0.000103
3,-13.9670,-10.0000,26.7410,360.4291,3.031361e-09,-8.095886e-10,0.000172
4,-11.9560,-10.0000,26.7401,360.4208,4.979839e-09,-1.227650e-09,0.000278
5,-9.9451,-10.0000,26.7388,360.4074,7.970768e-09,-1.895790e-09,0.000441
6,-7.9341,-10.0000,26.7366,360.3862,1.260739e-08,-2.936483e-09,0.000695
7,-5.9231,-10.0000,26.7332,360.3527,1.978520e-08,-4.518913e-09,0.001088
8,-3.9121,-10.0000,26.7279,360.3006,3.078780e-08,-6.846237e-09,0.001685
9,-1.9011,-10.0000,26.7197,360.2204,4.732737e-08,-1.009821e-08,0.002573
10,0.1099,-10.0000,26.7074,360.0992,7.140986e-08,-1.434685e-08,0.003848
11,2.1209,-10.0000,26.6891,359.9201,1.050364e-07,-1.946174e-08,0.005601
12,4.1319,-10.0000,26.6629,359.6632,1.496880e-07,-2.505367e-08,0.007894
13,6.1429,-10.0000,26.6266,359.3071,2.058011e-07,-3.055975e-08,0.010736
14,8.1538,-10.0000,26.5780,358.8304,2.725937e-07,-3.538392e-08,0.014084
15,10.1648,-10.0000,26.5152,358.2145,3.481063e-07,-3.908551e-08,0.017841
16,12.1758,-10.0000,26.4368,357.4449,4.297856e-07,-4.152745e-08,0.021889
17,14.1868,-10.0000,26.3417,356.5117,5.151205e-07,-4.284115e-08,0.026112
18,16.1978,-10.0000,26.2293,355.4093,6.020858e-07,-4.334309e-08,0.030416
19,18.2088,-10.0000,26.0994,354.1353,6.894421e-07,-4.338734e-08,0.034745
20,20.2198,-10.0000,25.9520,352.6894,7.765873e-07,-4.324399e-08,0.039070
21,22.2308,-10.0000,25.7872,351.0720,8.633684e-07,-4.308116e-08,0.043383
22,24.2418,-10.0000,25.6048,349.2835,9.498592e-07,-4.297082e-08,0.047687
23,26.2527,-10.0000,25.4052,347.3246,1.036197e-06,-4.292809e-08,0.051988
24,28.2637,-10.0000,25.1881,345.1952,1.122515e-06,-4.294409e-08,0.056290
25,30.2747,-10.0000,24.9537,342.8954,1.208917e-06,-4.299902e-08,0.060599
26,32.2857,-10.0000,24.7018,340.4251,1.295457e-06,-4.306900e-08,0.064916
27,34.2967,-10.0000,24.4326,337.7839,1.382139e-06,-4.312785e-08,0.069242
28,36.3077,-10.0000,24.1459,334.9716,1.468916e-06,-4.314826e-08,0.073573
29,38.3187,-10.0000,23.8418,331.9882,1.555680e-06,-4.310241e-08,0.077903
30,40.3297,-10.0000,23.5203,328.8339,1.642272e-06,-4.296272e-08,0.082226
31,42.3407,-10.0000,23.1814,325.5093,1.728475e-06,-4.270235e-08,0.086529
32,44.3516,-10.0000,22.8252,322.0154,1.814019e-06,-4.229545e-08,0.090800
33,46.3626,-10.0000,22.4520,318.3538,1.898585e-06,-4.171740e-08,0.095021
34,48.3736,-10.0000,22.0619,314.5270,1.981804e-06,-4.094496e-08,0.099175
35,50.3846,-10.0000,21.6552,310.5380,2.063263e-06,-3.995664e-08,0.103241
36,52.3956,-10.0000,21.2325,306.3906,2.142507e-06,-3.873319e-08,0.107195
37,54.4066,-10.0000,20.7941,302.0898,2.219045e-06,-3.725809e-08,0.111015
38,56.4176,-10.0000,20.3406,297.6415,2.292356e-06,-3.551820e-08,0.114673
39,58.4286,-10.0000,19.8728,293.0526,2.361896e-06,-3.350432e-08,0.118142
40,60.4396,-10.0000,19.3915,288.3310,2.427108e-06,-3.121187e-08,0.121396
41,62.4505,-10.0000,18.8976,283.4858,2.487428e-06,-2.864134e-08,0.124404
42,64.4615,-10.0000,18.3922,278.5273,2.542301e-06,-2.579882e-08,0.127141
43,66.4725,-10.0000,17.8763,273.4667,2.591188e-06,-2.269627e-08,0.129579
44,68.4835,-10.0000,17.3513,268.3163,2.633583e-06,-1.935164e-08,0.131693
45,70.4945,-10.0000,16.8185,263.0893,2.669019e-06,-1.578876e-08,0.133460
46,72.5055,-10.0000,16.2793,257.7999,2.697083e-06,-1.203704e-08,0.134860
47,74.5165,-10.0000,15.7353,252.4629,2.717430e-06,-8.130834e-09,0.135874
48,76.5275,-10.0000,15.1879,247.0937,2.729785e-06,-4.108622e-09,0.136490
49,78.5385,-10.0000,14.6390,241.7083,2.733954e-06,-1.195443e-11,0.136698
50,80.5495,-10.0000,14.0900,236.3229,2.729833e-06,4.115760e-09,0.136492
51,82.5604,-10.0000,13.5427,230.9538,2.717401e-06,8.230589e-09,0.135873
52,84.5714,-10.0000,12.9987,225.6173,2.696730e-06,1.228945e-08,0.134842
53,86.5824,-10.0000,12.4597,220.3295,2.667974e-06,1.625146e-08,0.133409
54,88.5934,-10.0000,11.9272,215.1060,2.631368e-06,2.007919e-08,0.131584
55,90.6044,-10.0000,11.4029,209.9620,2.587217e-06,2.373977e-08,0.129383
56,92.6154,-10.0000,10.8881,204.9120,2.535888e-06,2.720582e-08,0.126824
57,94.6264,-10.0000,10.3843,199.9697,2.477797e-06,3.045611e-08,0.123927
58,96.6374,-10.0000,9.8928,195.1480,2.413396e-06,3.347603e-08,0.120716
59,98.6484,-10.0000,9.4148,190.4589,2.343159e-06,3.625783e-08,0.117214
60,100.6593,-10.0000,8.9514,185.9133,2.267570e-06,3.880065e-08,0.113445
61,102.6703,-10.0000,8.5037,181.5215,2.187105e-06,4.111039e-08,0.109433
62,104.6813,-10.0000,8.0726,177.2926,2.102226e-06,4.319943e-08,0.105200
63,106.6923,-10.0000,7.6590,173.2349,2.013360e-06,4.508628e-08,0.100769
64,108.7033,-10.0000,7.2636,169.3558,1.920891e-06,4.679507e-08,0.096159
65,110.7143,-10.0000,6.8871,165.6622,1.825152e-06,4.835498e-08,0.091386
66,112.7253,-10.0000,6.5301,162.1604,1.726410e-06,4.979941e-08,0.086464
67,114.7363,-10.0000,6.1933,158.8561,1.624861e-06,5.116454e-08,0.081404
68,116.7473,-10.0000,5.8771,155.7547,1.520627e-06,5.248716e-08,0.076213
69,118.7582,-10.0000,5.5822,152.8615,1.413758e-06,5.380049e-08,0.070893
70,120.7692,-10.0000,5.3090,150.1818,1.304243e-06,5.512624e-08,0.065445
71,122.7802,-10.0000,5.0582,147.7207,1.192042e-06,5.646173e-08,0.059870
72,124.7912,-10.0000,4.8301,145.4837,1.077155e-06,5.775818e-08,0.054168
73,126.8022,-10.0000,4.6255,143.4757,9.597410e-07,5.887957e-08,0.048349
74,128.8132,-10.0000,4.4445,141.7009,8.403461e-07,5.955798e-08,0.042440
75,130.8242,-10.0000,4.2876,140.1615,7.202063e-07,5.939604e-08,0.036500
76,132.8352,-10.0000,4.1546,138.8565,6.014663e-07,5.790483e-08,0.030629
77,134.8462,-10.0000,4.0448,137.7794,4.873271e-07,5.467199e-08,0.024975
78,136.8571,-10.0000,3.9569,136.9174,3.815905e-07,4.956106e-08,0.019716
79,138.8681,-10.0000,3.8889,136.2501,2.880055e-07,4.281478e-08,0.015026
80,140.8791,-10.0000,3.8381,135.7518,2.093975e-07,3.508951e-08,0.011044
81,142.8901,-10.0000,3.8015,135.3925,1.468772e-07,2.724399e-08,0.007834
82,144.9011,-10.0000,3.7760,135.1421,9.981783e-08,2.007519e-08,0.005380
83,146.9121,-10.0000,3.7587,134.9726,6.612627e-08,1.412775e-08,0.003596
84,148.9231,-10.0000,3.7473,134.8606,4.298611e-08,9.581317e-09,0.002353
85,150.9341,-10.0000,3.7398,134.7879,2.758094e-08,6.332717e-09,0.001518
86,152.9451,-10.0000,3.7351,134.7414,1.750842e-08,4.130028e-09,0.000968
87,154.9560,-10.0000,3.7321,134.7119,1.096448e-08,2.690495e-09,0.000611
88,156.9670,-10.0000,3.7302,134.6937,6.683439e-09,1.780553e-09,0.000379
89,158.9780,-10.0000,3.7291,134.6829,3.800485e-09,1.233989e-09,0.000227
90,160.9890,-10.0000,3.7286,134.6771,1.718485e-09,9.445678e-10,0.000131
91,163.0000,-10.0000,3.7284,134.6754,8.160192e-10,8.542189e-10,0.000047
92,-20.0000,-8.0000,26.7420,340.8189,2.992561e-10,-7.003649e-10,0.000072
93,-17.9890,-8.0000,26.7419,340.8182,6.304096e-10,-7.748473e-10,0.000174
94,-15.9780,-8.0000,26.7417,340.8161,1.395160e-09,-1.013879e-09,0.000259
95,-13.9670,-8.0000,26.7413,340.8121,2.456975e-09,-1.467200e-09,0.000404
96,-11.9560,-8.0000,26.7406,340.8054,4.041075e-09,-2.227932e-09,0.000636
97,-9.9451,-8.0000,26.7395,340.7945,6.481623e-09,-3.448557e-09,0.001000
98,-7.9341,-8.0000,26.7377,340.7772,1.028862e-08,-5.362976e-09,0.001570
99,-5.9231,-8.0000,26.7349,340.7497,1.624450e-08,-8.308807e-09,0.002454
100,-3.9121,-8.0000,26.7305,340.7066,2.553681e-08,-1.272880e-08,0.003804
101,-1.9011,-8.0000,26.7237,340.6391,3.991152e-08,-1.909702e-08,0.005819
102,0.1099,-8.0000,26.7130,340.5345,6.173876e-08,-2.768743e-08,0.008709
103,2.1209,-8.0000,26.6968,340.3759,9.357559e-08,-3.831144e-08,0.012643
104,4.1319,-8.0000,26.6729,340.1416,1.375574e-07,-5.017197e-08,0.017700
105,6.1429,-8.0000,26.6389,339.8077,1.946005e-07,-6.190168e-08,0.023826
106,8.1538,-8.0000,26.5923,339.3505,2.636074e-07,-7.205059e-08,0.030841
107,10.1648,-8.0000,26.5310,338.7492,3.420623e-07,-7.960700e-08,0.038514
108,12.1758,-8.0000,26.4535,337.9890,4.265720e-07,-8.426121e-08,0.046592
109,14.1868,-8.0000,26.3589,337.0606,5.139270e-07,-8.647686e-08,0.054877
110,16.1978,-8.0000,26.2467,335.9598,6.020680e-07,-8.708582e-08,0.063251
111,18.2088,-8.0000,26.1168,334.6858,6.898567e-07,-8.688631e-08,0.071648
112,20.2198,-8.0000,25.9693,333.2391,7.770197e-07,-8.646053e-08,0.080055
113,22.2308,-8.0000,25.8044,331.6210,8.636732e-07,-8.608992e-08,0.088475
114,24.2418,-8.0000,25.6220,329.8321,9.500006e-07,-8.586557e-08,0.096912
115,26.2527,-8.0000,25.4223,327.8729,1.036196e-06,-8.579496e-08,0.105374
116,28.2637,-8.0000,25.2053,325.7437,1.122411e-06,-8.584813e-08,0.113865
117,30.2747,-8.0000,24.9709,323.4442,1.208755e-06,-8.598226e-08,0.122391
118,32.2857,-8.0000,24.7191,320.9741,1.295288e-06,-8.614831e-08,0.130950
119,34.2967,-8.0000,24.4499,318.3331,1.382019e-06,-8.629349e-08,0.139540
120,36.3077,-8.0000,24.1632,315.5210,1.468899e-06,-8.636226e-08,0.148152
121,38.3187,-8.0000,23.8591,312.5374,1.555824e-06,-8.629808e-08,0.156773
122,40.3297,-8.0000,23.5375,309.3826,1.642631e-06,-8.604534e-08,0.165385
123,42.3407,-8.0000,23.1985,306.0570,1.729101e-06,-8.555018e-08,0.173964
124,44.3516,-8.0000,22.8422,302.5615,1.814963e-06,-8.476086e-08,0.182483
125,46.3626,-8.0000,22.4687,298.8977,1.899894e-06,-8.362790e-08,0.190907
126,48.3736,-8.0000,22.0783,295.0679,1.983524e-06,-8.210449e-08,0.199200
127,50.3846,-8.0000,21.6713,291.0750,2.065436e-06,-8.014720e-08,0.207320
128,52.3956,-8.0000,21.2480,286.9228,2.145168e-06,-7.771693e-08,0.215220
129,54.4066,-8.0000,20.8090,282.6163,2.222225e-06,-7.478005e-08,0.222851
130,56.4176,-8.0000,20.3549,278.1612,2.296079e-06,-7.130964e-08,0.230162
131,58.4286,-8.0000,19.8863,273.5643,2.366176e-06,-6.728673e-08,0.237096
132,60.4396,-8.0000,19.4040,268.8337,2.431949e-06,-6.270154e-08,0.243600
133,62.4505,-8.0000,18.9091,263.9785,2.492824e-06,-5.755464e-08,0.249615
134,64.4615,-8.0000,18.4025,259.0088,2.548235e-06,-5.185785e-08,0.255088
135,66.4725,-8.0000,17.8854,253.9360,2.597631e-06,-4.563495e-08,0.259965
136,68.4835,-8.0000,17.3591,248.7724,2.640492e-06,-3.892192e-08,0.264194
137,70.4945,-8.0000,16.8248,243.5315,2.676341e-06,-3.176680e-08,0.267730
138,72.5055,-8.0000,16.2841,238.2273,2.704754e-06,-2.422896e-08,0.270531
139,74.5165,-8.0000,15.7385,232.8749,2.725375e-06,-1.637796e-08,0.272564
140,76.5275,-8.0000,15.1896,227.4899,2.737923e-06,-8.291826e-09,0.273800
141,78.5385,-8.0000,14.6390,222.0884,2.742200e-06,-5.488675e-11,0.274222
142,80.5495,-8.0000,14.0884,216.6867,2.738096e-06,8.244688e-09,0.273817
143,82.5604,-8.0000,13.5394,211.3015,2.725593e-06,1.651764e-08,0.272586
144,84.5714,-8.0000,12.9938,205.9490,2.704766e-06,2.467643e-08,0.270534
145,86.5824,-8.0000,12.4532,200.6456,2.675774e-06,3.263802e-08,0.267678
146,88.5934,-8.0000,11.9192,195.4070,2.638860e-06,4.032644e-08,0.264042
147,90.6044,-8.0000,11.3933,190.2486,2.594341e-06,4.767505e-08,0.259654
148,92.6154,-8.0000,10.8772,185.1850,2.542595e-06,5.462837e-08,0.254554
149,94.6264,-8.0000,10.3721,180.2299,2.484050e-06,6.114350e-08,0.248782
150,96.6374,-8.0000,9.8793,175.3964,2.419172e-06,6.719101e-08,0.242384
151,98.6484,-8.0000,9.4002,170.6963,2.348451e-06,7.275538e-08,0.235409
152,100.6593,-8.0000,8.9359,166.1409,2.272382e-06,7.783505e-08,0.227904
153,102.6703,-8.0000,8.4873,161.7400,2.191457e-06,8.244210e-08,0.219920
154,104.6813,-8.0000,8.0553,157.5029,2.106148e-06,8.660165e-08,0.211503
155,106.6923,-8.0000,7.6410,153.4378,2.016896e-06,9.035119e-08,0.202698
156,108.7033,-8.0000,7.2449,149.5520,1.924095e-06,9.373954e-08,0.193547
157,110.7143,-8.0000,6.8677,145.8524,1.828087e-06,9.682580e-08,0.184085
158,112.7253,-8.0000,6.5102,142.3449,1.729147e-06,9.967786e-08,0.174343
159,114.7363,-8.0000,6.1728,139.0353,1.627478e-06,1.023701e-07,0.164346
160,116.7473,-8.0000,5.8561,135.9287,1.523200e-06,1.049794e-07,0.154113
161,118.7582,-8.0000,5.5607,133.0304,1.416355e-06,1.075784e-07,0.143657
162,120.7692,-8.0000,5.2870,130.3455,1.306906e-06,1.102230e-07,0.132984
163,122.7802,-8.0000,5.0356,127.8792,1.194757e-06,1.129271e-07,0.122101
164,124.7912,-8.0000,4.8070,125.6369,1.079804e-06,1.156236e-07,0.111013
165,126.8022,-8.0000,4.6019,123.6243,9.620239e-07,1.181028e-07,0.099736
166,128.8132,-8.0000,4.4206,121.8464,8.416111e-07,1.198865e-07,0.088294
167,130.8242,-8.0000,4.2637,120.3072,7.193893e-07,1.201117e-07,0.076746
168,132.8352,-8.0000,4.1312,119.0075,5.974238e-07,1.176686e-07,0.065225
169,134.8462,-8.0000,4.0227,117.9430,4.790353e-07,1.114676e-07,0.053935
170,136.8571,-8.0000,3.9369,117.1011,3.690106e-07,1.009745e-07,0.043187
171,138.8681,-8.0000,3.8717,116.4611,2.722671e-07,8.673751e-08,0.033352
172,140.8791,-8.0000,3.8241,115.9940,1.923636e-07,7.026127e-08,0.024766
173,142.8901,-8.0000,3.7907,115.6664,1.308074e-07,5.361846e-08,0.017682
174,144.9011,-8.0000,3.7681,115.4446,8.627816e-08,3.873238e-08,0.012176
175,146.9121,-8.0000,3.7532,115.2986,5.575655e-08,2.671200e-08,0.008134
176,148.9231,-8.0000,3.7436,115.2043,3.565201e-08,1.781145e-08,0.005318
177,150.9341,-8.0000,3.7374,115.1441,2.264465e-08,1.164255e-08,0.003430
178,152.9451,-8.0000,3.7335,115.1059,1.428852e-08,7.542045e-09,0.002195
179,154.9560,-8.0000,3.7311,115.0819,8.916563e-09,4.893663e-09,0.001399
180,156.9670,-8.0000,3.7296,115.0671,5.424099e-09,3.230946e-09,0.000891
181,158.9780,-8.0000,3.7287,115.0583,3.080890e-09,2.236041e-09,0.000572
182,160.9890,-8.0000,3.7282,115.0536,1.392315e-09,1.710286e-09,0.000385
183,163.0000,-8.0000,3.7281,115.0522,6.609750e-10,1.546305e-09,0.000160
184,-20.0000,-6.0000,26.7424,321.2026,1.147014e-10,-1.133917e-09,0.000114
185,-17.9890,-6.0000,26.7423,321.2024,2.417981e-10,-1.254808e-09,0.000254
186,-15.9780,-6.0000,26.7423,321.2016,5.359824e-10,-1.643099e-09,0.000338
187,-13.9670,-6.0000,26.7421,321.2000,9.469264e-10,-2.380900e-09,0.000496
188,-11.9560,-6.0000,26.7418,321.1974,1.566390e-09,-3.623482e-09,0.000760
189,-9.9451,-6.0000,26.7414,321.1932,2.537368e-09,-5.629962e-09,0.001185
190,-7.9341,-6.0000,26.7407,321.1863,4.095930e-09,-8.811861e-09,0.001858
191,-5.9231,-6.0000,26.7396,321.1751,6.651506e-09,-1.380224e-08,0.002917
192,-3.9121,-6.0000,26.7377,321.1566,1.095148e-08,-2.153783e-08,0.004568
193,-1.9011,-6.0000,26.7345,321.1257,1.842942e-08,-3.330242e-08,0.007103
194,0.1099,-6.0000,26.7291,321.0722,3.190687e-08,-5.050997e-08,0.010890
195,2.1209,-6.0000,26.7195,320.9779,5.658434e-08,-7.348111e-08,0.016164
196,4.1319,-6.0000,26.7031,320.8172,9.755910e-08,-1.003269e-07,0.022836
197,6.1429,-6.0000,26.6765,320.5564,1.572844e-07,-1.274668e-07,0.030570
198,8.1538,-6.0000,26.6362,320.1611,2.351910e-07,-1.503647e-07,0.038831
199,10.1648,-6.0000,26.5796,319.6057,3.247645e-07,-1.657909e-07,0.047044
200,12.1758,-6.0000,26.5047,318.8710,4.188228e-07,-1.737290e-07,0.055002
201,14.1868,-6.0000,26.4112,317.9535,5.127138e-07,-1.760191e-07,0.062710
202,16.1978,-6.0000,26.2991,316.8542,6.034537e-07,-1.753234e-07,0.070249
203,18.2088,-6.0000,26.1690,315.5775,6.916746e-07,-1.739123e-07,0.077833
204,20.2198,-6.0000,26.0212,314.1278,7.785218e-07,-1.726690e-07,0.085546
205,22.2308,-6.0000,25.8560,312.5073,8.645892e-07,-1.718239e-07,0.093389
206,24.2418,-6.0000,25.6735,310.7171,9.503631e-07,-1.714055e-07,0.101359
207,26.2527,-6.0000,25.4738,308.7576,1.036108e-06,-1.713379e-07,0.109440
208,28.2637,-6.0000,25.2568,306.6288,1.122006e-06,-1.715322e-07,0.117620
209,30.2747,-6.0000,25.0224,304.3302,1.208169e-06,-1.718962e-07,0.125890
210,32.2857,-6.0000,24.7708,301.8612,1.294673e-06,-1.723345e-07,0.134241
211,34.2967,-6.0000,24.5017,299.2212,1.381544e-06,-1.727379e-07,0.142660
212,36.3077,-6.0000,24.2150,296.4096,1.468738e-06,-1.729890e-07,0.151134
213,38.3187,-6.0000,23.9109,293.4258,1.556148e-06,-1.729713e-07,0.159642
214,40.3297,-6.0000,23.5892,290.2696,1.643603e-06,-1.725722e-07,0.168163
215,42.3407,-6.0000,23.2499,286.9412,1.730879e-06,-1.716843e-07,0.176667
216,44.3516,-6.0000,22.8931,283.4412,1.817699e-06,-1.702039e-07,0.185124
217,46.3626,-6.0000,22.5190,279.7709,1.903733e-06,-1.680314e-07,0.193499
218,48.3736,-6.0000,22.1276,275.9322,1.988603e-06,-1.650715e-07,0.201751
219,50.3846,-6.0000,21.7195,271.9279,2.071880e-06,-1.612354e-07,0.209839
220,52.3956,-6.0000,21.2948,267.7615,2.153091e-06,-1.564426e-07,0.217713
221,54.4066,-6.0000,20.8540,263.4378,2.231719e-06,-1.506234e-07,0.225324
222,56.4176,-6.0000,20.3978,258.9623,2.307216e-06,-1.437213e-07,0.232619
223,58.4286,-6.0000,19.9268,254.3417,2.379003e-06,-1.356960e-07,0.239543
224,60.4396,-6.0000,19.4418,249.5842,2.446483e-06,-1.265255e-07,0.246039
225,62.4505,-6.0000,18.9438,244.6986,2.509049e-06,-1.162090e-07,0.252050
226,64.4615,-6.0000,18.4338,239.6953,2.566098e-06,-1.047687e-07,0.257522
227,66.4725,-6.0000,17.9129,234.5858,2.617044e-06,-9.225154e-08,0.262399
228,68.4835,-6.0000,17.3825,229.3826,2.661328e-06,-7.872982e-08,0.266632
229,70.4945,-6.0000,16.8440,224.0994,2.698437e-06,-6.430091e-08,0.270174
230,72.5055,-6.0000,16.2987,218.7507,2.727915e-06,-4.908595e-08,0.272984
231,74.5165,-6.0000,15.7484,213.3519,2.749375e-06,-3.322747e-08,0.275028
232,76.5275,-6.0000,15.1946,207.9191,2.762512e-06,-1.688584e-08,0.276279
233,78.5385,-6.0000,14.6390,202.4689,2.767114e-06,-2.348041e-10,0.276717
234,80.5495,-6.0000,14.0834,197.0181,2.763063e-06,1.654377e-08,0.276333
235,82.5604,-6.0000,13.5295,191.5839,2.750342e-06,3.326562e-08,0.275125
236,84.5714,-6.0000,12.9789,186.1833,2.729034e-06,4.975006e-08,0.273101
237,86.5824,-6.0000,12.4335,180.8328,2.699318e-06,6.582580e-08,0.270278
238,88.5934,-6.0000,11.8949,175.5488,2.661461e-06,8.133633e-08,0.266679
239,90.6044,-6.0000,11.3646,170.3470,2.615812e-06,9.614463e-08,0.262336
240,92.6154,-6.0000,10.8443,165.2424,2.562786e-06,1.101370e-07,0.257287
241,94.6264,-6.0000,10.3353,160.2489,2.502852e-06,1.232259e-07,0.251575
242,96.6374,-6.0000,9.8389,155.3797,2.436518e-06,1.353516e-07,0.245248
243,98.6484,-6.0000,9.3565,150.6469,2.364315e-06,1.464831e-07,0.238355
244,100.6593,-6.0000,8.8890,146.0616,2.286781e-06,1.566180e-07,0.230949
245,102.6703,-6.0000,8.4377,141.6336,2.204449e-06,1.657816e-07,0.223080
246,104.6813,-6.0000,8.0033,137.3721,2.117828e-06,1.740257e-07,0.214800
247,106.6923,-6.0000,7.5867,133.2851,2.027396e-06,1.814271e-07,0.206159
248,108.7033,-6.0000,7.1885,129.3795,1.933579e-06,1.880855e-07,0.197203
249,110.7143,-6.0000,6.8096,125.6619,1.836749e-06,1.941220e-07,0.187977
250,112.7253,-6.0000,6.4503,122.1378,1.737206e-06,1.996758e-07,0.178521
251,114.7363,-6.0000,6.1114,118.8125,1.635170e-06,2.049021e-07,0.168870
252,116.7473,-6.0000,5.7931,115.6908,1.530772e-06,2.099670e-07,0.159059
253,118.7582,-6.0000,5.4962,112.7773,1.424035e-06,2.150357e-07,0.149115
254,120.7692,-6.0000,5.2209,110.0769,1.314874e-06,2.202577e-07,0.139068
255,122.7802,-6.0000,4.9678,107.5945,1.203074e-06,2.257410e-07,0.128942
256,124.7912,-6.0000,4.7376,105.3360,1.088240e-06,2.314674e-07,0.118756
257,126.8022,-6.0000,4.5309,103.3077,9.698845e-07,2.371814e-07,0.108525
258,128.8132,-6.0000,4.3483,101.5171,8.475001e-07,2.423102e-07,0.098260
259,130.8242,-6.0000,4.1910,99.9736,7.201367e-07,2.454214e-07,0.087878
260,132.8352,-6.0000,4.0597,98.6857,5.877128e-07,2.433580e-07,0.077134
261,134.8462,-6.0000,3.9547,97.6553,4.550069e-07,2.325967e-07,0.065963
262,136.8571,-6.0000,3.8754,96.8774,3.289963e-07,2.108925e-07,0.054412
263,138.8681,-6.0000,3.8190,96.3245,2.197370e-07,1.786030e-07,0.042802
264,140.8791,-6.0000,3.7819,95.9602,1.361888e-07,1.404282e-07,0.031949
265,142.8901,-6.0000,3.7590,95.7357,7.898176e-08,1.027741e-07,0.022601
266,144.9011,-6.0000,3.7456,95.6041,4.454397e-08,7.062326e-08,0.015224
267,146.9121,-6.0000,3.7380,95.5295,2.572996e-08,4.656611e-08,0.009931
268,148.9231,-6.0000,3.7336,95.4863,1.528440e-08,3.013111e-08,0.006388
269,150.9341,-6.0000,3.7309,95.4605,9.271195e-09,1.933679e-08,0.004085
270,152.9451,-6.0000,3.7294,95.4449,5.688817e-09,1.239035e-08,0.002610
271,154.9560,-6.0000,3.7284,95.4354,3.491551e-09,7.987840e-09,0.001676
272,156.9670,-6.0000,3.7278,95.4296,2.103537e-09,5.253744e-09,0.001095
273,158.9780,-6.0000,3.7274,95.4262,1.188359e-09,3.627780e-09,0.000747
274,160.9890,-6.0000,3.7273,95.4244,5.355849e-10,2.771352e-09,0.000561
275,163.0000,-6.0000,3.7272,95.4238,2.539566e-10,2.504614e-09,0.000251
276,-20.0000,-4.0000,26.7428,301.5873,-1.140107e-10,-1.134786e-09,0.000114
277,-17.9890,-4.0000,26.7429,301.5876,-2.400473e-10,-1.256142e-09,0.000254
278,-15.9780,-4.0000,26.7430,301.5884,-5.306082e-10,-1.646323e-09,0.000339
279,-13.9670,-4.0000,26.7431,301.5899,-9.321815e-10,-2.389464e-09,0.000498
280,-11.9560,-4.0000,26.7434,301.5924,-1.526506e-09,-3.646543e-09,0.000764
281,-9.9451,-4.0000,26.7438,301.5965,-2.429691e-09,-5.692183e-09,0.001195
282,-7.9341,-4.0000,26.7444,301.6029,-3.805307e-09,-8.979784e-09,0.001885
283,-5.9231,-4.0000,26.7454,301.6128,-5.867134e-09,-1.425544e-08,0.002990
284,-3.9121,-4.0000,26.7470,301.6278,-8.834539e-09,-2.276093e-08,0.004764
285,-1.9011,-4.0000,26.7492,301.6495,-1.271622e-08,-3.660210e-08,0.007634
286,0.1099,-4.0000,26.7521,301.6778,-1.649312e-08,-5.938590e-08,0.012321
287,2.1209,-4.0000,26.7548,301.7045,-1.510764e-08,-9.679067e-08,0.019954
288,4.1319,-4.0000,26.7531,301.6878,1.168624e-08,-1.491602e-07,0.030563
289,6.1429,-4.0000,26.7417,301.5761,8.061291e-08,-2.037390e-07,0.042231
290,8.1538,-4.0000,26.7145,301.3088,1.807661e-07,-2.467495e-07,0.053192
291,10.1648,-4.0000,26.6651,300.8243,3.007062e-07,-2.707805e-07,0.062547
292,12.1758,-4.0000,26.5938,300.1250,4.193079e-07,-2.746938e-07,0.069538
293,14.1868,-4.0000,26.5002,299.2072,5.188071e-07,-2.690965e-07,0.075094
294,16.1978,-4.0000,26.3870,298.0961,6.090568e-07,-2.639119e-07,0.080912
295,18.2088,-4.0000,26.2559,296.8103,6.961633e-07,-2.602494e-07,0.087224
296,20.2198,-4.0000,26.1074,295.3533,7.812424e-07,-2.578682e-07,0.093903
297,22.2308,-4.0000,25.9418,293.7286,8.659239e-07,-2.566745e-07,0.100948
298,24.2418,-4.0000,25.7591,291.9366,9.506710e-07,-2.562671e-07,0.108277
299,26.2527,-4.0000,25.5593,289.9771,1.035717e-06,-2.563763e-07,0.115834
300,28.2637,-4.0000,25.3425,287.8495,1.121052e-06,-2.568582e-07,0.123571
301,30.2747,-4.0000,25.1084,285.5530,1.206837e-06,-2.576437e-07,0.131472
302,32.2857,-4.0000,24.8569,283.0866,1.293260e-06,-2.585854e-07,0.139524
303,34.2967,-4.0000,24.5881,280.4491,1.380361e-06,-2.594866e-07,0.147703
304,36.3077,-4.0000,24.3016,277.6391,1.468095e-06,-2.601535e-07,0.155983
305,38.3187,-4.0000,23.9975,274.6556,1.556329e-06,-2.604036e-07,0.164334
306,40.3297,-4.0000,23.6756,271.4979,1.644879e-06,-2.600698e-07,0.172725
307,42.3407,-4.0000,23.3359,268.1655,1.733510e-06,-2.589935e-07,0.181125
308,44.3516,-4.0000,22.9785,264.6586,1.821938e-06,-2.570203e-07,0.189497
309,46.3626,-4.0000,22.6033,260.9780,1.909827e-06,-2.539983e-07,0.197804
310,48.3736,-4.0000,22.2105,257.1251,1.996787e-06,-2.497800e-07,0.206002
311,50.3846,-4.0000,21.8004,253.1022,2.082372e-06,-2.442267e-07,0.214047
312,52.3956,-4.0000,21.3734,248.9126,2.166085e-06,-2.372117e-07,0.221888
313,54.4066,-4.0000,20.9297,244.5605,2.247381e-06,-2.286243e-07,0.229475
314,56.4176,-4.0000,20.4701,240.0513,2.325673e-06,-2.183733e-07,0.236751
315,58.4286,-4.0000,19.9951,235.3915,2.400342e-06,-2.063915e-07,0.243663
316,60.4396,-4.0000,19.5055,230.5890,2.470738e-06,-1.926395e-07,0.250151
317,62.4505,-4.0000,19.0023,225.6527,2.536201e-06,-1.771109e-07,0.256159
318,64.4615,-4.0000,18.4866,220.5931,2.596064e-06,-1.598351e-07,0.261632
319,66.4725,-4.0000,17.9594,215.4220,2.649677e-06,-1.408806e-07,0.266514
320,68.4835,-4.0000,17.4222,210.1521,2.696415e-06,-1.203563e-07,0.270755
321,70.4945,-4.0000,16.8764,204.7976,2.735700e-06,-9.841148e-08,0.274308
322,72.5055,-4.0000,16.3235,199.3738,2.767017e-06,-7.523396e-08,0.277133
323,74.5165,-4.0000,15.7652,193.8966,2.789927e-06,-5.104627e-08,0.279196
324,76.5275,-4.0000,15.2032,188.3830,2.804084e-06,-2.610017e-08,0.280470
325,78.5385,-4.0000,14.6392,182.8505,2.809246e-06,-6.694537e-10,0.280937
326,80.5495,-4.0000,14.0751,177.3168,2.805281e-06,2.495862e-08,0.280586
327,82.5604,-4.0000,13.5127,171.7999,2.792174e-06,5.049269e-08,0.279417
328,84.5714,-4.0000,12.9539,166.3177,2.770025e-06,7.564708e-08,0.277439
329,86.5824,-4.0000,12.4004,160.8878,2.739043e-06,1.001513e-07,0.274668
330,88.5934,-4.0000,11.8540,155.5273,2.699544e-06,1.237587e-07,0.271130
331,90.6044,-4.0000,11.3163,150.2525,2.651930e-06,1.462544e-07,0.266857
332,92.6154,-4.0000,10.7889,145.0788,2.596681e-06,1.674608e-07,0.261889
333,94.6264,-4.0000,10.2733,140.0209,2.534338e-06,1.872423e-07,0.256271
334,96.6374,-4.0000,9.7709,135.0922,2.465481e-06,2.055074e-07,0.250053
335,98.6484,-4.0000,9.2829,130.3048,2.390715e-06,2.222100e-07,0.243287
336,100.6593,-4.0000,8.8104,125.6698,2.310651e-06,2.373485e-07,0.236029
337,102.6703,-4.0000,8.3544,121.1971,2.225889e-06,2.509644e-07,0.228334
338,104.6813,-4.0000,7.9159,116.8955,2.137004e-06,2.631394e-07,0.220260
339,106.6923,-4.0000,7.4957,112.7724,2.044532e-06,2.739935e-07,0.211863
340,108.7033,-4.0000,7.0943,108.8347,1.948956e-06,2.836808e-07,0.203198
341,110.7143,-4.0000,6.7123,105.0880,1.850699e-06,2.923884e-07,0.194320
342,112.7253,-4.0000,6.3504,101.5372,1.750106e-06,3.003335e-07,0.185281
343,114.7363,-4.0000,6.0089,98.1869,1.647435e-06,3.077591e-07,0.176136
344,116.7473,-4.0000,5.6882,95.0409,1.542852e-06,3.149334e-07,0.166936
345,118.7582,-4.0000,5.3887,92.1031,1.436398e-06,3.221530e-07,0.157738
346,120.7692,-4.0000,5.1108,89.3774,1.327925e-06,3.297077e-07,0.148596
347,122.7802,-4.0000,4.8551,86.8682,1.217150e-06,3.378624e-07,0.139570
348,124.7912,-4.0000,4.6219,84.5805,1.103604e-06,3.469371e-07,0.130745
349,126.8022,-4.0000,4.4120,82.5219,9.859165e-07,3.570077e-07,0.122150
350,128.8132,-4.0000,4.2265,80.7019,8.623985e-07,3.674290e-07,0.113759
351,130.8242,-4.0000,4.0664,79.1319,7.324239e-07,3.779853e-07,0.105760
352,132.8352,-4.0000,3.9346,77.8383,5.889914e-07,3.868688e-07,0.097861
353,134.8462,-4.0000,3.8346,76.8572,4.204018e-07,3.808754e-07,0.087865
354,136.8571,-4.0000,3.7656,76.1803,2.514637e-07,3.462026e-07,0.074565
355,138.8681,-4.0000,3.7277,75.8083,1.115731e-07,2.851337e-07,0.059079
356,140.8791,-4.0000,3.7119,75.6538,1.587823e-08,2.084437e-07,0.042707
357,142.8901,-4.0000,3.7096,75.6312,-2.124998e-08,1.352207e-07,0.027877
358,144.9011,-4.0000,3.7134,75.6688,-2.308956e-08,8.297776e-08,0.017215
359,146.9121,-4.0000,3.7175,75.7084,-1.777777e-08,5.115894e-08,0.010669
360,148.9231,-4.0000,3.7206,75.7387,-1.233783e-08,3.183355e-08,0.006662
361,150.9341,-4.0000,3.7227,75.7596,-8.179434e-09,1.996761e-08,0.004187
362,152.9451,-4.0000,3.7241,75.7734,-5.284315e-09,1.262409e-08,0.002648
363,154.9560,-4.0000,3.7250,75.7823,-3.341721e-09,8.074473e-09,0.001690
364,156.9670,-4.0000,3.7256,75.7879,-2.048146e-09,5.285914e-09,0.001100
365,158.9780,-4.0000,3.7259,75.7912,-1.168170e-09,3.639893e-09,0.000749
366,160.9890,-4.0000,3.7261,75.7930,-5.290075e-10,2.776362e-09,0.000562
367,163.0000,-4.0000,3.7261,75.7935,-2.513617e-10,2.507878e-09,0.000251
368,-20.0000,-2.0000,26.7432,281.9711,-2.995200e-10,-7.017709e-10,0.000073
369,-17.9890,-2.0000,26.7433,281.9717,-6.310784e-10,-7.770052e-10,0.000175
370,-15.9780,-2.0000,26.7435,281.9738,-1.397213e-09,-1.019097e-09,0.000260
371,-13.9670,-2.0000,26.7439,281.9778,-2.462607e-09,-1.481057e-09,0.000407
372,-11.9560,-2.0000,26.7446,281.9846,-4.056309e-09,-2.265246e-09,0.000643
373,-9.9451,-2.0000,26.7457,281.9955,-6.522752e-09,-3.549233e-09,0.001020
374,-7.9341,-2.0000,26.7475,282.0131,-1.039962e-08,-5.634682e-09,0.001623
375,-5.9231,-2.0000,26.7504,282.0410,-1.654410e-08,-9.042115e-09,0.002595
376,-3.9121,-2.0000,26.7549,282.0855,-2.634538e-08,-1.470797e-08,0.004184
377,-1.9011,-2.0000,26.7621,282.1565,-4.209310e-08,-2.443948e-08,0.006844
378,0.1099,-2.0000,26.7738,282.2706,-6.761181e-08,-4.212460e-08,0.011484
379,2.1209,-2.0000,26.7925,282.4545,-1.091025e-07,-7.767528e-08,0.020228
380,4.1319,-2.0000,26.8220,282.7441,-1.724031e-07,-1.651118e-07,0.039384
381,6.1429,-2.0000,26.8429,282.9484,-1.402323e-07,-3.141128e-07,0.067108
382,8.1538,-2.0000,26.8365,282.8859,1.022192e-07,-4.216209e-07,0.087160
383,10.1648,-2.0000,26.8022,282.5500,3.423168e-07,-4.161595e-07,0.090386
384,12.1758,-2.0000,26.7256,281.7979,4.482876e-07,-3.767571e-07,0.087853
385,14.1868,-2.0000,26.6257,280.8186,5.349445e-07,-3.596719e-07,0.089863
386,16.1978,-2.0000,26.5102,279.6846,6.228807e-07,-3.497935e-07,0.093864
387,18.2088,-2.0000,26.3768,278.3763,7.030142e-07,-3.430619e-07,0.098434
388,20.2198,-2.0000,26.2273,276.9096,7.837879e-07,-3.407190e-07,0.104073
389,22.2308,-2.0000,26.0612,275.2800,8.664833e-07,-3.403517e-07,0.110413
390,24.2418,-2.0000,25.8784,273.4874,9.509041e-07,-3.403607e-07,0.117168
391,26.2527,-2.0000,25.6788,271.5290,1.034910e-06,-3.405402e-07,0.124110
392,28.2637,-2.0000,25.4622,269.4039,1.119031e-06,-3.414800e-07,0.131315
393,30.2747,-2.0000,25.2285,267.1119,1.204140e-06,-3.430661e-07,0.138807
394,32.2857,-2.0000,24.9776,264.6507,1.290391e-06,-3.449226e-07,0.146536
395,34.2967,-2.0000,24.7093,262.0182,1.377861e-06,-3.467206e-07,0.154465
396,36.3077,-2.0000,24.4233,259.2121,1.466408e-06,-3.481586e-07,0.162543
397,38.3187,-2.0000,24.1193,256.2306,1.555847e-06,-3.489991e-07,0.170729
398,40.3297,-2.0000,23.7974,253.0721,1.645951e-06,-3.490367e-07,0.178986
399,42.3407,-2.0000,23.4572,249.7356,1.736487e-06,-3.480774e-07,0.187277
400,44.3516,-2.0000,23.0989,246.2204,1.827184e-06,-3.459161e-07,0.195564
401,46.3626,-2.0000,22.7224,242.5267,1.917704e-06,-3.423401e-07,0.203805
402,48.3736,-2.0000,22.3277,238.6551,2.007640e-06,-3.371416e-07,0.211954
403,50.3846,-2.0000,21.9151,234.6074,2.096522e-06,-3.301248e-07,0.219963
404,52.3956,-2.0000,21.4848,230.3863,2.183819e-06,-3.211105e-07,0.227779
405,54.4066,-2.0000,21.0372,225.9953,2.268948e-06,-3.099394e-07,0.235348
406,56.4176,-2.0000,20.5728,221.4395,2.351273e-06,-2.964772e-07,0.242614
407,58.4286,-2.0000,20.0923,216.7250,2.430114e-06,-2.806206e-07,0.249521
408,60.4396,-2.0000,19.5963,211.8595,2.504752e-06,-2.623043e-07,0.256010
409,62.4505,-2.0000,19.0858,206.8520,2.574440e-06,-2.415080e-07,0.262023
410,64.4615,-2.0000,18.5620,201.7130,2.638424e-06,-2.182628e-07,0.267503
411,66.4725,-2.0000,18.0259,196.4545,2.695954e-06,-1.926555e-07,0.272397
412,68.4835,-2.0000,17.4791,191.0900,2.746306e-06,-1.648315e-07,0.276653
413,70.4945,-2.0000,16.9230,185.6341,2.788805e-06,-1.349957e-07,0.280225
414,72.5055,-2.0000,16.3591,180.1031,2.822841e-06,-1.034098e-07,0.283074
415,74.5165,-2.0000,15.7894,174.5140,2.847898e-06,-7.038763e-08,0.285164
416,76.5275,-2.0000,15.2156,168.8849,2.863562e-06,-3.628686e-08,0.286471
417,78.5385,-2.0000,14.6396,163.2345,2.869548e-06,-1.498688e-09,0.286977
418,80.5495,-2.0000,14.0634,157.5821,2.865700e-06,3.356508e-08,0.286672
419,82.5604,-2.0000,13.4890,151.9469,2.852005e-06,6.848615e-08,0.285556
420,84.5714,-2.0000,12.9183,146.3483,2.828589e-06,1.028544e-07,0.283639
421,86.5824,-2.0000,12.3532,140.8050,2.795711e-06,1.362824e-07,0.280939
422,88.5934,-2.0000,11.7957,135.3354,2.753754e-06,1.684182e-07,0.277481
423,90.6044,-2.0000,11.2474,129.9567,2.703208e-06,1.989567e-07,0.273299
424,92.6154,-2.0000,10.7100,124.6853,2.644653e-06,2.276479e-07,0.268435
425,94.6264,-2.0000,10.1852,119.5364,2.578733e-06,2.543034e-07,0.262935
426,96.6374,-2.0000,9.6742,114.5238,2.506140e-06,2.787985e-07,0.256852
427,98.6484,-2.0000,9.1784,109.6599,2.427586e-06,3.010734e-07,0.250241
428,100.6593,-2.0000,8.6989,104.9558,2.343788e-06,3.211311e-07,0.243162
429,102.6703,-2.0000,8.2366,100.4212,2.255445e-06,3.390344e-07,0.235675
430,104.6813,-2.0000,7.7925,96.0644,2.163224e-06,3.549008e-07,0.227843
431,106.6923,-2.0000,7.3672,91.8925,2.067744e-06,3.688988e-07,0.219731
432,108.7033,-2.0000,6.9614,87.9113,1.969568e-06,3.812439e-07,0.211404
433,110.7143,-2.0000,6.5755,84.1257,1.869184e-06,3.921919e-07,0.202925
434,112.7253,-2.0000,6.2100,80.5398,1.767013e-06,4.020398e-07,0.194364
435,114.7363,-2.0000,5.8651,77.1567,1.663388e-06,4.111343e-07,0.185792
436,116.7473,-2.0000,5.5412,73.9792,1.558496e-06,4.198453e-07,0.177281
437,118.7582,-2.0000,5.2385,71.0098,1.452473e-06,4.285725e-07,0.168912
438,120.7692,-2.0000,4.9572,68.2505,1.345403e-06,4.378868e-07,0.160800
439,122.7802,-2.0000,4.6977,65.7047,1.236623e-06,4.483091e-07,0.153023
440,124.7912,-2.0000,4.4603,63.3759,1.125507e-06,4.600354e-07,0.145652
441,126.8022,-2.0000,4.2453,61.2667,1.012964e-06,4.745743e-07,0.139098
442,128.8132,-2.0000,4.0542,59.3920,8.938325e-07,4.935545e-07,0.133482
443,130.8242,-2.0000,3.8889,57.7704,7.591856e-07,5.122559e-07,0.127865
444,132.8352,-2.0000,3.7484,56.3913,6.271568e-07,5.360143e-07,0.124480
445,134.8462,-2.0000,3.6414,55.3425,4.710427e-07,5.866548e-07,0.126972
446,136.8571,-2.0000,3.5944,54.8808,1.371854e-07,5.893341e-07,0.121694
447,138.8681,-2.0000,3.5864,54.8024,-1.970640e-07,4.377834e-07,0.093551
448,140.8791,-2.0000,3.6157,55.0900,-2.408876e-07,2.302186e-07,0.054935
449,142.8901,-2.0000,3.6569,55.4947,-1.524204e-07,1.084077e-07,0.028240
450,144.9011,-2.0000,3.6831,55.7515,-9.445289e-08,5.882741e-08,0.016039
451,146.9121,-2.0000,3.6994,55.9109,-5.879310e-08,3.414817e-08,0.009560
452,148.9231,-2.0000,3.7095,56.0101,-3.677746e-08,2.056627e-08,0.005846
453,150.9341,-2.0000,3.7158,56.0722,-2.306167e-08,1.266324e-08,0.003626
454,152.9451,-2.0000,3.7198,56.1110,-1.444303e-08,7.920248e-09,0.002268
455,154.9560,-2.0000,3.7223,56.1353,-8.973793e-09,5.033837e-09,0.001426
456,156.9670,-2.0000,3.7238,56.1502,-5.445256e-09,3.282999e-09,0.000901
457,158.9780,-2.0000,3.7247,56.1591,-3.088601e-09,2.255641e-09,0.000576
458,160.9890,-2.0000,3.7251,56.1637,-1.394827e-09,1.718392e-09,0.000387
459,163.0000,-2.0000,3.7253,56.1652,-6.619662e-10,1.551587e-09,0.000161
460,-20.0000,0.0000,26.7434,262.3525,-3.704910e-10,-3.880779e-10,0.000022
461,-17.9890,0.0000,26.7435,262.3533,-7.807248e-10,-4.297458e-10,0.000059
462,-15.9780,0.0000,26.7437,262.3559,-1.729104e-09,-5.638942e-10,0.000103
463,-13.9670,0.0000,26.7442,262.3609,-3.049587e-09,-8.201740e-10,0.000173
464,-11.9560,0.0000,26.7451,262.3693,-5.029138e-09,-1.256155e-09,0.000281
465,-9.9451,0.0000,26.7465,262.3829,-8.103864e-09,-1.972700e-09,0.000451
466,-7.9341,0.0000,26.7487,262.4047,-1.296662e-08,-3.144048e-09,0.000721
467,-5.9231,0.0000,26.7523,262.4397,-2.075474e-08,-5.079120e-09,0.001155
468,-3.9121,0.0000,26.7580,262.4961,-3.340455e-08,-8.358388e-09,0.001868
469,-1.9011,0.0000,26.7674,262.5878,-5.439059e-08,-1.418378e-08,0.003067
470,0.1099,0.0000,26.7829,262.7402,-9.049128e-08,-2.546932e-08,0.005193
471,2.1209,0.0000,26.8098,263.0039,-1.569359e-07,-5.157027e-08,0.009397
472,4.1319,0.0000,26.8609,263.5051,-2.984873e-07,-1.572667e-07,0.021851
473,6.1429,0.0000,26.9995,264.8654,3.089327e-07,-7.487408e-07,0.125924
474,8.1538,0.0000,27.0962,265.8136,5.694524e-07,-7.441186e-07,0.165263
475,10.1648,0.0000,26.9930,264.8009,4.196004e-07,-4.758257e-07,0.105161
476,12.1758,0.0000,26.8880,263.7710,4.655090e-07,-4.677160e-07,0.105122
477,14.1868,0.0000,26.7896,262.8057,5.925536e-07,-4.471802e-07,0.107388
478,16.1978,0.0000,26.6650,261.5839,6.427573e-07,-4.181029e-07,0.105537
479,18.2088,0.0000,26.5298,260.2569,6.994017e-07,-4.166578e-07,0.108926
480,20.2198,0.0000,26.3794,258.7816,7.778821e-07,-4.237860e-07,0.115256
481,22.2308,0.0000,26.2142,257.1611,8.699713e-07,-4.253689e-07,0.121871
482,24.2418,0.0000,26.0313,255.3675,9.526697e-07,-4.227187e-07,0.127539
483,26.2527,0.0000,25.8315,253.4073,1.032805e-06,-4.227097e-07,0.133644
484,28.2637,0.0000,25.6155,251.2884,1.115037e-06,-4.248364e-07,0.140367
485,30.2747,0.0000,25.3827,249.0048,1.198835e-06,-4.279255e-07,0.147485
486,32.2857,0.0000,25.1329,246.5538,1.284981e-06,-4.314557e-07,0.154975
487,34.2967,0.0000,24.8655,243.9309,1.373147e-06,-4.347479e-07,0.162722
488,36.3077,0.0000,24.5803,241.1326,1.463005e-06,-4.373912e-07,0.170652
489,38.3187,0.0000,24.2769,238.1562,1.554051e-06,-4.391644e-07,0.178700
490,40.3297,0.0000,23.9551,234.9991,1.646104e-06,-4.399532e-07,0.186841
491,42.3407,0.0000,23.6146,231.6596,1.739073e-06,-4.395356e-07,0.195049
492,44.3516,0.0000,23.2555,228.1362,1.832711e-06,-4.376178e-07,0.203280
493,46.3626,0.0000,22.8775,224.4279,1.926675e-06,-4.339050e-07,0.211487
494,48.3736,0.0000,22.4806,220.5346,2.020524e-06,-4.281161e-07,0.219617
495,50.3846,0.0000,22.0649,216.4570,2.113752e-06,-4.199934e-07,0.227617
496,52.3956,0.0000,21.6307,212.1969,2.205791e-06,-4.092991e-07,0.235433
497,54.4066,0.0000,21.1781,207.7574,2.296014e-06,-3.958166e-07,0.243010
498,56.4176,0.0000,20.7077,203.1428,2.383728e-06,-3.793552e-07,0.250290
499,58.4286,0.0000,20.2200,198.3587,2.468176e-06,-3.597602e-07,0.257214
500,60.4396,0.0000,19.7158,193.4124,2.548542e-06,-3.369258e-07,0.263723
501,62.4505,0.0000,19.1960,188.3129,2.623970e-06,-3.108055e-07,0.269758
502,64.4615,0.0000,18.6616,183.0707,2.693577e-06,-2.814221e-07,0.275262
503,66.4725,0.0000,18.1140,177.6983,2.756475e-06,-2.488747e-07,0.280181
504,68.4835,0.0000,17.5545,172.2097,2.811801e-06,-2.133441e-07,0.284463
505,70.4945,0.0000,16.9848,166.6205,2.858736e-06,-1.750945e-07,0.288065
506,72.5055,0.0000,16.4065,160.9482,2.896538e-06,-1.344716e-07,0.290946
507,74.5165,0.0000,15.8217,155.2111,2.924569e-06,-9.189650e-08,0.293074
508,76.5275,0.0000,15.2323,149.4292,2.942322e-06,-4.785437e-08,0.294424
509,78.5385,0.0000,14.6404,143.6228,2.949442e-06,-2.879746e-09,0.294980
510,80.5495,0.0000,14.0482,137.8131,2.945739e-06,4.246210e-08,0.294733
511,82.5604,0.0000,13.4578,132.0213,2.931201e-06,8.759588e-08,0.293684
512,84.5714,0.0000,12.8714,126.2687,2.905993e-06,1.319579e-07,0.291842
513,86.5824,0.0000,12.2911,120.5757,2.870445e-06,1.750170e-07,0.289226
514,88.5934,0.0000,11.7189,114.9624,2.825042e-06,2.162933e-07,0.285863
515,90.6044,0.0000,11.1567,109.4474,2.770399e-06,2.553744e-07,0.281787
516,92.6154,0.0000,10.6063,104.0482,2.707236e-06,2.919266e-07,0.277040
517,94.6264,0.0000,10.0694,98.7809,2.636352e-06,3.257025e-07,0.271669
518,96.6374,0.0000,9.5474,93.6598,2.558590e-06,3.565441e-07,0.265730
519,98.6484,0.0000,9.0415,88.6976,2.474814e-06,3.843818e-07,0.259281
520,100.6593,0.0000,8.5530,83.9053,2.385882e-06,4.092303e-07,0.252384
521,102.6703,0.0000,8.0828,79.2924,2.292627e-06,4.311828e-07,0.245106
522,104.6813,0.0000,7.6317,74.8665,2.195833e-06,4.504034e-07,0.237516
523,106.6923,0.0000,7.2002,70.6341,2.096223e-06,4.671170e-07,0.229683
524,108.7033,0.0000,6.7890,66.5999,1.994462e-06,4.816049e-07,0.221681
525,110.7143,0.0000,6.3984,62.7678,1.891137e-06,4.942095e-07,0.213588
526,112.7253,0.0000,6.0286,59.1405,1.786707e-06,5.052998e-07,0.205479
527,114.7363,0.0000,5.6799,55.7196,1.681626e-06,5.152753e-07,0.197440
528,116.7473,0.0000,5.3523,52.5059,1.576373e-06,5.247211e-07,0.189589
529,118.7582,0.0000,5.0459,49.5006,1.470733e-06,5.341618e-07,0.181995
530,120.7692,0.0000,4.7608,46.7036,1.364790e-06,5.437741e-07,0.174722
531,122.7802,0.0000,4.4967,44.1121,1.260702e-06,5.552038e-07,0.168201
532,124.7912,0.0000,4.2541,41.7331,1.154741e-06,5.702807e-07,0.162518
533,126.8022,0.0000,4.0338,39.5714,1.040983e-06,5.845258e-07,0.156741
534,128.8132,0.0000,3.8321,37.5926,9.441805e-07,6.049441e-07,0.153602
535,130.8242,0.0000,3.6542,35.8473,8.465330e-07,6.554687e-07,0.156319
536,132.8352,0.0000,3.5144,34.4759,6.350871e-07,6.796110e-07,0.150999
537,134.8462,0.0000,3.3721,33.0800,5.575291e-07,6.764382e-07,0.147834
538,136.8571,0.0000,3.2335,31.7208,7.609886e-07,1.030855e-06,0.227640
539,138.8681,0.0000,3.3684,33.0440,4.091883e-07,1.031207e-06,0.173175
540,140.8791,0.0000,3.5616,34.9390,-4.164836e-07,2.189732e-07,0.030455
541,142.8901,0.0000,3.6328,35.6382,-2.191148e-07,7.192926e-08,0.013116
542,144.9011,0.0000,3.6704,36.0065,-1.263772e-07,3.555626e-08,0.007252
543,146.9121,0.0000,3.6921,36.2193,-7.595757e-08,1.981443e-08,0.004284
544,148.9231,0.0000,3.7051,36.3473,-4.662836e-08,1.168608e-08,0.002608
545,150.9341,0.0000,3.7131,36.4259,-2.893044e-08,7.112473e-09,0.001612
546,152.9451,0.0000,3.7181,36.4747,-1.800841e-08,4.418950e-09,0.001003
547,154.9560,0.0000,3.7212,36.5049,-1.114968e-08,2.797579e-09,0.000624
548,156.9670,0.0000,3.7231,36.5235,-6.751906e-09,1.820318e-09,0.000384
549,158.9780,0.0000,3.7242,36.5344,-3.825440e-09,1.248961e-09,0.000229
550,160.9890,0.0000,3.7248,36.5402,-1.726615e-09,9.507604e-10,0.000132
551,163.0000,0.0000,3.7250,36.5420,-8.192267e-10,8.582539e-10,0.000048
552,6.1429,2.0000,28.0000,255.0600,1.547841e-06,-1.481348e-06,0.083566
553,8.1538,2.0000,27.2808,248.0047,1.080238e-06,-9.464821e-07,0.109221
554,10.1648,2.0000,27.1376,246.6002,8.859712e-07,-7.249234e-07,0.128632
555,12.1758,2.0000,27.1331,246.5557,9.153968e-07,-6.520096e-07,0.163006
556,14.1868,2.0000,26.9720,244.9752,6.921814e-07,-3.962778e-07,0.106998
557,16.1978,2.0000,26.8411,243.6915,5.355912e-07,-4.291450e-07,0.102605
558,18.2088,2.0000,26.7065,242.3710,6.299618e-07,-5.193783e-07,0.122746
559,20.2198,2.0000,26.5701,241.0328,8.129579e-07,-5.295265e-07,0.133742
560,22.2308,2.0000,26.4018,239.3821,8.844511e-07,-5.030297e-07,0.134037
561,24.2418,2.0000,26.2154,237.5531,9.507181e-07,-4.993814e-07,0.138021
562,26.2527,2.0000,26.0169,235.6055,1.029978e-06,-5.017929e-07,0.143938
563,28.2637,2.0000,25.8017,233.4948,1.106415e-06,-5.054220e-07,0.150011
564,30.2747,2.0000,25.5708,231.2299,1.188076e-06,-5.120767e-07,0.157021
565,32.2857,2.0000,25.3228,228.7971,1.274924e-06,-5.190115e-07,0.164583
566,34.2967,2.0000,25.0572,226.1915,1.365903e-06,-5.244172e-07,0.172392
567,36.3077,2.0000,24.7733,223.4066,1.457541e-06,-5.281629e-07,0.180184
568,38.3187,2.0000,24.4708,220.4390,1.550081e-06,-5.311327e-07,0.188092
569,40.3297,2.0000,24.1496,217.2873,1.644337e-06,-5.332278e-07,0.196168
570,42.3407,2.0000,23.8092,213.9480,1.740206e-06,-5.339640e-07,0.204356
571,44.3516,2.0000,23.4494,210.4184,1.837516e-06,-5.328970e-07,0.212603
572,46.3626,2.0000,23.0699,206.6960,1.935812e-06,-5.296010e-07,0.220841
573,48.3736,2.0000,22.6707,202.7796,2.034587e-06,-5.237266e-07,0.229011
574,50.3846,2.0000,22.2516,198.6686,2.133275e-06,-5.149644e-07,0.237056
575,52.3956,2.0000,21.8128,194.3639,2.231286e-06,-5.030259e-07,0.244922
576,54.4066,2.0000,21.3545,189.8675,2.327975e-06,-4.876226e-07,0.252554
577,56.4176,2.0000,20.8769,185.1828,2.422585e-06,-4.684803e-07,0.259892
578,58.4286,2.0000,20.3807,180.3148,2.514266e-06,-4.453678e-07,0.266874
579,60.4396,2.0000,19.8665,175.2702,2.602076e-06,-4.181161e-07,0.273440
580,62.4505,2.0000,19.3351,170.0576,2.685010e-06,-3.866344e-07,0.279529
581,64.4615,2.0000,18.7878,164.6879,2.762017e-06,-3.509218e-07,0.285083
582,66.4725,2.0000,18.2256,159.1736,2.832024e-06,-3.110792e-07,0.290048
583,68.4835,2.0000,17.6503,153.5297,2.893970e-06,-2.673177e-07,0.294376
584,70.4945,2.0000,17.0635,147.7730,2.946838e-06,-2.199642e-07,0.298022
585,72.5055,2.0000,16.4671,141.9223,2.989693e-06,-1.694608e-07,0.300949
586,74.5165,2.0000,15.8632,135.9981,3.021726e-06,-1.163575e-07,0.303126
587,76.5275,2.0000,15.2541,130.0223,3.042287e-06,-6.129785e-08,0.304530
588,78.5385,2.0000,14.6420,124.0178,3.050920e-06,-4.997511e-09,0.305147
589,80.5495,2.0000,14.0294,118.0084,3.047387e-06,5.178237e-08,0.304969
590,82.5604,2.0000,13.4188,112.0179,3.031676e-06,1.082653e-07,0.303998
591,84.5714,2.0000,12.8124,106.0701,3.004003e-06,1.636910e-07,0.302244
592,86.5824,2.0000,12.2128,100.1880,2.964805e-06,2.173461e-07,0.299724
593,88.5934,2.0000,11.6222,94.3935,2.914712e-06,2.685909e-07,0.296464
594,90.6044,2.0000,11.0426,88.7075,2.854517e-06,3.168818e-07,0.292498
595,92.6154,2.0000,10.4759,83.1488,2.785142e-06,3.617870e-07,0.287868
596,94.6264,2.0000,9.9240,77.7345,2.707594e-06,4.029948e-07,0.282622
597,96.6374,2.0000,9.3883,72.4797,2.622928e-06,4.403160e-07,0.276815
598,98.6484,2.0000,8.8703,67.3974,2.532210e-06,4.736803e-07,0.270508
599,100.6593,2.0000,8.3709,62.4985,2.436486e-06,5.031286e-07,0.263766
600,102.6703,2.0000,7.8911,57.7919,2.336747e-06,5.287983e-07,0.256660
601,104.6813,2.0000,7.4317,53.2847,2.233933e-06,5.509141e-07,0.249263
602,106.6923,2.0000,6.9931,48.9821,2.128904e-06,5.697861e-07,0.241654
603,108.7033,2.0000,6.5757,44.8879,2.022376e-06,5.857629e-07,0.233906
604,110.7143,2.0000,6.1798,41.0042,1.915073e-06,5.992261e-07,0.226105
605,112.7253,2.0000,5.8055,37.3319,1.807760e-06,6.107540e-07,0.218366
606,114.7363,2.0000,5.4528,33.8716,1.700453e-06,6.208278e-07,0.210743
607,116.7473,2.0000,5.1215,30.6218,1.593570e-06,6.294929e-07,0.203274
608,118.7582,2.0000,4.8112,27.5777,1.489954e-06,6.383616e-07,0.196387
609,120.7692,2.0000,4.5223,24.7437,1.386052e-06,6.491019e-07,0.190088
610,122.7802,2.0000,4.2549,22.1203,1.276399e-06,6.562535e-07,0.183251
611,124.7912,2.0000,4.0043,19.6626,1.189684e-06,6.666357e-07,0.178784
612,126.8022,2.0000,3.7753,17.4154,1.108378e-06,7.038408e-07,0.179367
613,128.8132,2.0000,3.5799,15.4985,9.206671e-07,7.054842e-07,0.169158
614,130.8242,2.0000,3.3719,13.4584,8.989527e-07,6.694922e-07,0.163191
615,132.8352,2.0000,3.1593,11.3724,1.170918e-06,9.410914e-07,0.225056
616,134.8462,2.0000,3.1619,11.3980,1.152372e-06,1.008848e-06,0.176026
617,136.8571,2.0000,2.9780,9.5939,1.448972e-06,1.306050e-06,0.149569
618,138.8681,2.0000,2.0000,0.0000,2.096223e-06,2.029931e-06,0.114227
619,10.1648,4.0000,28.0000,235.4400,1.772976e-06,-1.275890e-06,0.077681
620,12.1758,4.0000,27.2915,228.4891,1.372022e-06,-7.931766e-07,0.106497
621,14.1868,4.0000,27.0620,226.2383,7.442246e-07,-3.012718e-07,0.048324
622,16.1978,4.0000,26.9848,225.4806,9.520924e-07,-7.780347e-07,0.138131
623,18.2088,4.0000,26.9911,225.5425,1.053081e-06,-7.770883e-07,0.190545
624,20.2198,4.0000,26.7990,223.6579,8.372920e-07,-5.419840e-07,0.138568
625,22.2308,4.0000,26.6081,221.7859,8.509083e-07,-5.731105e-07,0.143265
626,24.2418,4.0000,26.4335,220.0729,9.810393e-07,-5.783785e-07,0.151742
627,26.2527,4.0000,26.2312,218.0884,1.022920e-06,-5.642714e-07,0.152367
628,28.2637,4.0000,26.0197,216.0131,1.076832e-06,-5.790633e-07,0.158279
629,30.2747,4.0000,25.7921,213.7805,1.161035e-06,-6.008765e-07,0.167310
630,32.2857,4.0000,25.5487,211.3928,1.265396e-06,-6.123272e-07,0.176277
631,34.2967,4.0000,25.2854,208.8099,1.358472e-06,-6.154480e-07,0.183471
632,36.3077,4.0000,25.0029,206.0380,1.448924e-06,-6.197701e-07,0.190837
633,38.3187,4.0000,24.7020,203.0865,1.542746e-06,-6.248199e-07,0.198700
634,40.3297,4.0000,24.3819,199.9463,1.638937e-06,-6.291275e-07,0.206794
635,42.3407,4.0000,24.0422,196.6138,1.738328e-06,-6.320506e-07,0.215111
636,44.3516,4.0000,23.6822,193.0827,1.840256e-06,-6.326842e-07,0.223509
637,46.3626,4.0000,23.3017,189.3493,1.944059e-06,-6.304559e-07,0.231894
638,48.3736,4.0000,22.9001,185.4105,2.048818e-06,-6.250292e-07,0.240182
639,50.3846,4.0000,22.4775,181.2646,2.154030e-06,-6.162023e-07,0.248340
640,52.3956,4.0000,22.0338,176.9115,2.259291e-06,-6.036271e-07,0.256331
641,54.4066,4.0000,21.5690,172.3517,2.363940e-06,-5.868699e-07,0.264094
642,56.4176,4.0000,21.0833,167.5872,2.467155e-06,-5.655233e-07,0.271565
643,58.4286,4.0000,20.5772,162.6221,2.567947e-06,-5.392406e-07,0.278674
644,60.4396,4.0000,20.0512,157.4621,2.665211e-06,-5.077635e-07,0.285357
645,62.4505,4.0000,19.5062,152.1155,2.757754e-06,-4.709327e-07,0.291550
646,64.4615,4.0000,18.9432,146.5929,2.844308e-06,-4.287018e-07,0.297198
647,66.4725,4.0000,18.3636,140.9074,2.923561e-06,-3.811526e-07,0.302246
648,68.4835,4.0000,17.7691,135.0747,2.994180e-06,-3.285140e-07,0.306647
649,70.4945,4.0000,17.1614,129.1131,3.054869e-06,-2.711749e-07,0.310360
650,72.5055,4.0000,16.5426,123.0432,3.104418e-06,-2.096880e-07,0.313350
651,74.5165,4.0000,15.9152,116.8882,3.141768e-06,-1.447622e-07,0.315590
652,76.5275,4.0000,15.2816,110.6727,3.166063e-06,-7.724225e-08,0.317061
653,78.5385,4.0000,14.6445,104.4230,3.176699e-06,-8.079642e-09,0.317751
654,80.5495,4.0000,14.0067,98.1661,3.173358e-06,6.170653e-08,0.317654
655,82.5604,4.0000,13.3710,91.9296,3.156030e-06,1.310737e-07,0.316772
656,84.5714,4.0000,12.7401,85.7405,3.125010e-06,1.990023e-07,0.315114
657,86.5824,4.0000,12.1167,79.6252,3.080883e-06,2.645407e-07,0.312695
658,88.5934,4.0000,11.5034,73.6086,3.024491e-06,3.268449e-07,0.309539
659,90.6044,4.0000,10.9025,67.7138,2.956882e-06,3.852087e-07,0.305678
660,92.6154,4.0000,10.3162,61.9616,2.879260e-06,4.390847e-07,0.301149
661,94.6264,4.0000,9.7462,56.3705,2.792924e-06,4.880940e-07,0.296001
662,96.6374,4.0000,9.1943,50.9564,2.699216e-06,5.320260e-07,0.290288
663,98.6484,4.0000,8.6618,45.7324,2.599461e-06,5.708254e-07,0.284071
664,100.6593,4.0000,8.1498,40.7093,2.494951e-06,6.045803e-07,0.277419
665,102.6703,4.0000,7.6591,35.8953,2.386895e-06,6.335157e-07,0.270408
666,104.6813,4.0000,7.1903,31.2965,2.276339e-06,6.579313e-07,0.263109
667,106.6923,4.0000,6.7438,26.9167,2.164324e-06,6.781855e-07,0.255603
668,108.7033,4.0000,6.3199,22.7578,2.051921e-06,6.948691e-07,0.248008
669,110.7143,4.0000,5.9186,18.8211,1.939336e-06,7.084574e-07,0.240363
670,112.7253,4.0000,5.5398,15.1052,1.827221e-06,7.189115e-07,0.232687
671,114.7363,4.0000,5.1829,11.6042,1.718950e-06,7.279208e-07,0.225428
672,116.7473,4.0000,4.8484,8.3229,1.610672e-06,7.371530e-07,0.218529
673,118.7582,4.0000,4.5363,5.2608,1.496489e-06,7.401675e-07,0.210662
674,120.7692,4.0000,4.2413,2.3667,1.408736e-06,7.441170e-07,0.205015
675,122.7802,4.0000,3.9683,-0.3108,1.327679e-06,7.741507e-07,0.204162
676,124.7912,4.0000,3.7304,-2.6452,1.131269e-06,7.601813e-07,0.190187
677,126.8022,4.0000,3.4764,-5.1362,1.119998e-06,6.994503e-07,0.181336
678,128.8132,4.0000,3.2182,-7.6690,1.415393e-06,9.523710e-07,0.239959
679,130.8242,4.0000,3.1816,-8.0285,1.435608e-06,9.928270e-07,0.185438
680,132.8352,4.0000,2.9309,-10.4876,1.730037e-06,1.130535e-06,0.143214
681,134.8462,4.0000,2.0000,-19.6200,2.308103e-06,1.737768e-06,0.104303
682,16.1978,6.0000,28.0000,215.8200,2.019931e-06,-1.506772e-06,0.090697
683,18.2088,6.0000,27.1813,207.7883,1.538262e-06,-9.656713e-07,0.124585
684,20.2198,6.0000,26.9484,205.5041,1.331845e-06,-8.452387e-07,0.162831
685,22.2308,6.0000,26.9048,205.0763,1.339180e-06,-7.877884e-07,0.210361
686,24.2418,6.0000,26.6651,202.7246,1.059473e-06,-4.976108e-07,0.147346
687,26.2527,6.0000,26.4653,200.7648,8.450525e-07,-5.617080e-07,0.142808
688,28.2637,6.0000,26.2608,198.7584,9.536882e-07,-6.982487e-07,0.170685
689,30.2747,6.0000,26.0572,196.7614,1.185453e-06,-7.260693e-07,0.187733
690,32.2857,6.0000,25.8138,194.3731,1.268336e-06,-7.008639e-07,0.189121
691,34.2967,6.0000,25.5484,191.7701,1.344372e-06,-7.033532e-07,0.194717
692,36.3077,6.0000,25.2695,189.0336,1.438392e-06,-7.114143e-07,0.202456
693,38.3187,6.0000,24.9707,186.1022,1.528678e-06,-7.187324e-07,0.209985
694,40.3297,6.0000,24.6532,182.9881,1.626113e-06,-7.279447e-07,0.218428
695,42.3407,6.0000,24.3153,179.6726,1.730534e-06,-7.353867e-07,0.227291
696,44.3516,6.0000,23.9561,176.1495,1.840395e-06,-7.386017e-07,0.236172
697,46.3626,6.0000,23.5749,172.4102,1.950789e-06,-7.373770e-07,0.244728
698,48.3736,6.0000,23.1714,168.4513,2.061867e-06,-7.328598e-07,0.253153
699,50.3846,6.0000,22.7454,164.2719,2.174510e-06,-7.248293e-07,0.261522
700,52.3956,6.0000,22.2966,159.8694,2.288286e-06,-7.125306e-07,0.269754
701,54.4066,6.0000,21.8249,155.2423,2.402602e-06,-6.952733e-07,0.277777
702,56.4176,6.0000,21.3304,150.3908,2.516410e-06,-6.724203e-07,0.285498
703,58.4286,6.0000,20.8131,145.3170,2.628524e-06,-6.434856e-07,0.292839
704,60.4396,6.0000,20.2738,140.0257,2.737616e-06,-6.081063e-07,0.299727
705,62.4505,6.0000,19.7130,134.5242,2.842283e-06,-5.660386e-07,0.306103
706,64.4615,6.0000,19.1318,128.8228,2.941023e-06,-5.171500e-07,0.311911
707,66.4725,6.0000,18.5316,122.9349,3.032202e-06,-4.614570e-07,0.317098
708,68.4835,6.0000,17.9141,116.8772,3.114122e-06,-3.991758e-07,0.321617
709,70.4945,6.0000,17.2813,110.6694,3.185084e-06,-3.307494e-07,0.325432
710,72.5055,6.0000,16.6355,104.3347,3.243482e-06,-2.568575e-07,0.328511
711,74.5165,6.0000,15.9795,97.8993,3.287891e-06,-1.784072e-07,0.330833
712,76.5275,6.0000,15.3162,91.3917,3.317150e-06,-9.650584e-08,0.332386
713,78.5385,6.0000,14.6486,84.8425,3.330434e-06,-1.241960e-08,0.333162
714,80.5495,6.0000,13.9800,78.2833,3.327309e-06,7.248317e-08,0.333157
715,82.5604,6.0000,13.3136,71.7464,3.307761e-06,1.567974e-07,0.332373
716,84.5714,6.0000,12.6528,65.2636,3.272201e-06,2.391515e-07,0.330817
717,86.5824,6.0000,12.0006,58.8654,3.221435e-06,3.182748e-07,0.328500
718,88.5934,6.0000,11.3599,52.5807,3.156611e-06,3.930551e-07,0.325439
719,90.6044,6.0000,10.7335,46.4355,3.079149e-06,4.625832e-07,0.321659
720,92.6154,6.0000,10.1237,40.4532,2.990654e-06,5.261794e-07,0.317196
721,94.6264,6.0000,9.5325,34.6539,2.892825e-06,5.833978e-07,0.312091
722,96.6374,6.0000,8.9617,29.0542,2.787399e-06,6.340242e-07,0.306399
723,98.6484,6.0000,8.4126,23.6676,2.676064e-06,6.780707e-07,0.300185
724,100.6593,6.0000,7.8863,18.5042,2.560336e-06,7.157000e-07,0.293512
725,102.6703,6.0000,7.3834,13.5713,2.441719e-06,7.471989e-07,0.286457
726,104.6813,6.0000,6.9045,8.8730,2.321724e-06,7.731627e-07,0.279139
727,106.6923,6.0000,6.4498,4.4125,2.200839e-06,7.940833e-07,0.271589
728,108.7033,6.0000,6.0193,0.1893,2.080015e-06,8.098816e-07,0.263811
729,110.7143,6.0000,5.6124,-3.8023,1.963249e-06,8.224396e-07,0.256294
730,112.7253,6.0000,5.2297,-7.5564,1.846269e-06,8.335840e-07,0.248942
731,114.7363,6.0000,4.8712,-11.0734,1.722479e-06,8.359256e-07,0.240216
732,116.7473,6.0000,4.5310,-14.4108,1.628433e-06,8.373968e-07,0.233692
733,118.7582,6.0000,4.2148,-17.5128,1.541518e-06,8.659497e-07,0.232079
734,120.7692,6.0000,3.9370,-20.2381,1.324862e-06,8.424710e-07,0.215090
735,122.7802,6.0000,3.6407,-23.1451,1.315343e-06,7.640677e-07,0.204013
736,124.7912,6.0000,3.3408,-26.0871,1.640063e-06,1.027630e-06,0.265607
737,126.8022,6.0000,3.2841,-26.6434,1.668973e-06,1.057484e-06,0.204109
738,128.8132,6.0000,2.9876,-29.5513,1.962821e-06,1.147005e-06,0.152274
739,130.8242,6.0000,2.0000,-39.2400,2.546696e-06,1.765273e-06,0.108830
740,20.2198,8.0000,28.0000,196.2000,2.356036e-06,-1.553467e-06,0.097481
741,22.2308,8.0000,27.0960,187.3320,1.871822e-06,-9.665808e-07,0.137026
742,24.2418,8.0000,26.7776,184.2087,1.104014e-06,-3.740281e-07,0.067112
743,26.2527,8.0000,26.6475,182.9316,1.371285e-06,-1.025935e-06,0.186960
744,28.2637,8.0000,26.6406,182.8641,1.490484e-06,-1.034798e-06,0.258431
745,30.2747,8.0000,26.3685,180.1948,1.194498e-06,-7.325578e-07,0.191223
746,32.2857,8.0000,26.0985,177.5459,1.204913e-06,-7.851021e-07,0.198575
747,34.2967,8.0000,25.8523,175.1309,1.373903e-06,-7.996525e-07,0.210916
748,36.3077,8.0000,25.5701,172.3626,1.421916e-06,-7.850285e-07,0.211881
749,38.3187,8.0000,25.2772,169.4890,1.485948e-06,-8.074758e-07,0.219619
750,40.3297,8.0000,24.9642,166.4192,1.591159e-06,-8.373189e-07,0.231246
751,42.3407,8.0000,24.6317,163.1572,1.723885e-06,-8.507929e-07,0.242426
752,44.3516,8.0000,24.2740,159.6482,1.840970e-06,-8.506316e-07,0.250836
753,46.3626,8.0000,23.8920,155.9010,1.954240e-06,-8.498322e-07,0.259169
754,48.3736,8.0000,23.4872,151.9293,2.071803e-06,-8.476191e-07,0.267876
755,50.3846,8.0000,23.0582,147.7212,2.192078e-06,-8.418222e-07,0.276589
756,52.3956,8.0000,22.6048,143.2733,2.315925e-06,-8.313937e-07,0.285295
757,54.4066,8.0000,22.1263,138.5792,2.442043e-06,-8.149266e-07,0.293794
758,56.4176,8.0000,21.6225,133.6364,2.569033e-06,-7.914943e-07,0.301954
759,58.4286,8.0000,21.0933,128.4449,2.695024e-06,-7.605398e-07,0.309659
760,60.4396,8.0000,20.5390,123.0077,2.818606e-06,-7.217688e-07,0.316868
761,62.4505,8.0000,19.9604,117.3313,2.938402e-06,-6.747957e-07,0.323540
762,64.4615,8.0000,19.3583,111.4250,3.052606e-06,-6.192629e-07,0.329613
763,66.4725,8.0000,18.7341,105.3020,3.159164e-06,-5.550279e-07,0.335030
764,68.4835,8.0000,18.0897,98.9796,3.255832e-06,-4.822351e-07,0.339741
765,70.4945,8.0000,17.4271,92.4796,3.340332e-06,-4.013669e-07,0.343710
766,72.5055,8.0000,16.7490,85.8281,3.410481e-06,-3.132495e-07,0.346915
767,74.5165,8.0000,16.0586,79.0552,3.464321e-06,-2.190415e-07,0.349347
768,76.5275,8.0000,15.3593,72.1944,3.500235e-06,-1.201979e-07,0.351001
769,78.5385,8.0000,14.6546,65.2820,3.517060e-06,-1.841314e-08,0.351877
770,80.5495,8.0000,13.9486,58.3561,3.514180e-06,8.445830e-08,0.351976
771,82.5604,8.0000,13.2452,51.4551,3.491572e-06,1.865027e-07,0.351300
772,84.5714,8.0000,12.5481,44.6172,3.449819e-06,2.858556e-07,0.349848
773,86.5824,8.0000,11.8612,37.8788,3.390064e-06,3.808071e-07,0.347624
774,88.5934,8.0000,11.1879,31.2735,3.313917e-06,4.698900e-07,0.344634
775,90.6044,8.0000,10.5313,24.8317,3.223334e-06,5.519362e-07,0.340893
776,92.6154,8.0000,9.8939,18.5795,3.120512e-06,6.261147e-07,0.336428
777,94.6264,8.0000,9.2782,12.5390,3.007735e-06,6.919527e-07,0.331278
778,96.6374,8.0000,8.6858,6.7275,2.887176e-06,7.492594e-07,0.325488
779,98.6484,8.0000,8.1181,1.1583,2.761036e-06,7.980948e-07,0.319122
780,100.6593,8.0000,7.5760,-4.1597,2.631516e-06,8.389702e-07,0.312295
781,102.6703,8.0000,7.0602,-9.2198,2.499601e-06,8.723571e-07,0.305029
782,104.6813,8.0000,6.5708,-14.0202,2.366759e-06,8.981350e-07,0.297316
783,106.6923,8.0000,6.1075,-18.5657,2.237848e-06,9.184623e-07,0.289704
784,108.7033,8.0000,5.6709,-22.8484,2.108205e-06,9.354432e-07,0.282062
785,110.7143,8.0000,5.2612,-26.8678,1.970494e-06,9.407002e-07,0.272631
786,112.7253,8.0000,4.8717,-30.6887,1.866319e-06,9.432783e-07,0.265476
787,114.7363,8.0000,4.5090,-34.2469,1.769800e-06,9.748074e-07,0.263562
788,116.7473,8.0000,4.1894,-37.3823,1.526013e-06,9.456352e-07,0.243854
789,118.7582,8.0000,3.8486,-40.7251,1.516091e-06,8.528078e-07,0.230893
790,120.7692,8.0000,3.5046,-44.1001,1.879267e-06,1.142229e-06,0.298722
791,122.7802,8.0000,3.4334,-44.7982,1.912747e-06,1.169210e-06,0.229021
792,124.7912,8.0000,3.0918,-48.1493,2.225304e-06,1.243250e-06,0.168505
793,126.8022,8.0000,2.0000,-58.8600,2.855622e-06,1.916252e-06,0.119485
794,26.2527,10.0000,28.0000,176.5800,2.767819e-06,-2.007042e-06,0.121896
795,28.2637,10.0000,26.8937,165.7269,2.126834e-06,-1.286499e-06,0.168593
796,30.2747,10.0000,26.5682,162.5336,1.851358e-06,-1.145609e-06,0.222982
797,32.2857,10.0000,26.5032,161.8967,1.855764e-06,-1.073362e-06,0.288526
798,34.2967,10.0000,26.1709,158.6366,1.471066e-06,-6.827491e-07,0.203420
799,36.3077,10.0000,25.8939,155.9196,1.172311e-06,-7.740127e-07,0.197268
800,38.3187,10.0000,25.6113,153.1473,1.315158e-06,-9.629180e-07,0.235318
801,40.3297,10.0000,25.3313,150.4002,1.627097e-06,-1.000872e-06,0.258318
802,42.3407,10.0000,24.9978,147.1284,1.734599e-06,-9.639437e-07,0.259435
803,44.3516,10.0000,24.6355,143.5739,1.832738e-06,-9.628577e-07,0.266007
804,46.3626,10.0000,24.2557,139.8487,1.955658e-06,-9.670827e-07,0.275215
805,48.3736,10.0000,23.8499,135.8679,2.073467e-06,-9.677463e-07,0.283819
806,50.3846,10.0000,23.4198,131.6487,2.200995e-06,-9.682236e-07,0.293355
807,52.3956,10.0000,22.9629,127.1658,2.337724e-06,-9.632096e-07,0.303137
808,54.4066,10.0000,22.4783,122.4119,2.481167e-06,-9.490480e-07,0.312614
809,56.4176,10.0000,21.9651,117.3774,2.624028e-06,-9.251621e-07,0.321298
810,58.4286,10.0000,21.4231,112.0608,2.765789e-06,-8.928913e-07,0.329440
811,60.4396,10.0000,20.8528,106.4663,2.906762e-06,-8.517654e-07,0.337139
812,62.4505,10.0000,20.2545,100.5969,3.045242e-06,-8.007046e-07,0.344289
813,64.4615,10.0000,19.6290,94.4600,3.179150e-06,-7.389039e-07,0.350810
814,66.4725,10.0000,18.9773,88.0678,3.305655e-06,-6.658717e-07,0.356608
815,68.4835,10.0000,18.3015,81.4378,3.421715e-06,-5.816196e-07,0.361626
816,70.4945,10.0000,17.6038,74.5937,3.524190e-06,-4.866562e-07,0.365832
817,72.5055,10.0000,16.8874,67.5652,3.610079e-06,-3.819919e-07,0.369219
818,74.5165,10.0000,16.1557,60.3876,3.676666e-06,-2.690967e-07,0.371797
819,76.5275,10.0000,15.4129,53.1009,3.721635e-06,-1.498762e-07,0.373579
820,78.5385,10.0000,14.6635,45.7491,3.743284e-06,-2.661947e-08,0.374576
821,80.5495,10.0000,13.9122,38.3788,3.740693e-06,9.812119e-08,0.374794
822,82.5604,10.0000,13.1639,31.0374,3.713823e-06,2.216921e-07,0.374233
823,84.5714,10.0000,12.4232,23.7714,3.663530e-06,3.415184e-07,0.372883
824,86.5824,10.0000,11.6947,16.6252,3.591469e-06,4.552655e-07,0.370731
825,88.5934,10.0000,10.9826,9.6390,3.499978e-06,5.609802e-07,0.367767
826,90.6044,10.0000,10.2903,2.8483,3.391854e-06,6.571985e-07,0.363992
827,92.6154,10.0000,9.6211,-3.7171,3.270039e-06,7.429170e-07,0.359410
828,94.6264,10.0000,8.9772,-10.0333,3.137697e-06,8.175916e-07,0.354054
829,96.6374,10.0000,8.3606,-16.0828,2.998076e-06,8.813778e-07,0.348021
830,98.6484,10.0000,7.7725,-21.8518,2.853034e-06,9.345490e-07,0.341307
831,100.6593,10.0000,7.2137,-27.3337,2.704942e-06,9.768403e-07,0.333891
832,102.6703,10.0000,6.6839,-32.5305,2.559965e-06,1.010716e-06,0.326393
833,104.6813,10.0000,6.1844,-37.4307,2.413210e-06,1.038639e-06,0.318638
834,106.6923,10.0000,5.7153,-42.0327,2.256688e-06,1.051136e-06,0.308631
835,108.7033,10.0000,5.2692,-46.4090,2.138164e-06,1.058688e-06,0.301033
836,110.7143,10.0000,4.8536,-50.4858,2.028041e-06,1.097424e-06,0.299133
837,112.7253,10.0000,4.4871,-54.0814,1.750207e-06,1.065402e-06,0.276695
838,114.7363,10.0000,4.0967,-57.9113,1.738304e-06,9.596641e-07,0.261995
839,116.7473,10.0000,3.7032,-61.7712,2.147822e-06,1.285615e-06,0.338317
840,118.7582,10.0000,3.6188,-62.5994,2.184875e-06,1.313771e-06,0.259134
841,120.7692,10.0000,3.2278,-66.4357,2.528624e-06,1.385540e-06,0.189547
842,122.7802,10.0000,2.0000,-78.4800,3.229551e-06,2.137797e-06,0.133956
843,30.2747,12.0000,28.0000,156.9600,3.235424e-06,-2.115317e-06,0.133150
844,32.2857,12.0000,26.7636,144.8313,2.575957e-06,-1.316820e-06,0.187622
845,34.2967,12.0000,26.3252,140.5298,1.527829e-06,-5.118269e-07,0.092544
846,36.3077,12.0000,26.1440,138.7522,1.890533e-06,-1.408229e-06,0.257005
847,38.3187,12.0000,26.1334,138.6487,2.050763e-06,-1.420750e-06,0.355064
848,40.3297,12.0000,25.7592,134.9782,1.641984e-06,-1.005488e-06,0.262627
849,42.3407,12.0000,25.3883,131.3390,1.653983e-06,-1.075461e-06,0.272214
850,44.3516,12.0000,25.0505,128.0258,1.884206e-06,-1.091201e-06,0.288425
851,46.3626,12.0000,24.6636,124.2300,1.948768e-06,-1.064564e-06,0.288702
852,48.3736,12.0000,24.2622,120.2922,2.035925e-06,-1.086239e-06,0.297936
853,50.3846,12.0000,23.8334,116.0858,2.180062e-06,-1.115160e-06,0.312200
854,52.3956,12.0000,23.3778,111.6158,2.362496e-06,-1.118244e-06,0.325595
855,54.4066,12.0000,22.8875,106.8068,2.523337e-06,-1.098751e-06,0.334834
856,56.4176,12.0000,22.3640,101.6712,2.678327e-06,-1.074138e-06,0.343579
857,58.4286,12.0000,21.8094,96.2303,2.837905e-06,-1.042854e-06,0.352437
858,60.4396,12.0000,21.2224,90.4716,2.998732e-06,-1.001487e-06,0.360873
859,62.4505,12.0000,20.6031,84.3966,3.160612e-06,-9.483080e-07,0.368871
860,64.4615,12.0000,19.9517,78.0061,3.319979e-06,-8.813050e-07,0.376166
861,66.4725,12.0000,19.2691,71.3100,3.472907e-06,-7.994498e-07,0.382615
862,68.4835,12.0000,18.5571,64.3254,3.614635e-06,-7.026261e-07,0.388107
863,70.4945,12.0000,17.8184,57.0781,3.741032e-06,-5.915831e-07,0.392656
864,72.5055,12.0000,17.0563,49.6024,3.848260e-06,-4.674862e-07,0.396311
865,74.5165,12.0000,16.2752,41.9397,3.932390e-06,-3.320723e-07,0.399098
866,76.5275,12.0000,15.4800,34.1387,3.989973e-06,-1.878220e-07,0.401051
867,78.5385,12.0000,14.6762,26.2539,4.018377e-06,-3.787008e-08,0.402199
868,80.5495,12.0000,13.8699,18.3437,4.016160e-06,1.141821e-07,0.402556
869,82.5604,12.0000,13.0671,10.4678,3.983244e-06,2.645525e-07,0.402115
870,84.5714,12.0000,12.2737,2.6849,3.920951e-06,4.095943e-07,0.400854
871,86.5824,12.0000,11.4954,-4.9501,3.831817e-06,5.460990e-07,0.398738
872,88.5934,12.0000,10.7372,-12.3879,3.719195e-06,6.714291e-07,0.395714
873,90.6044,12.0000,10.0034,-19.5867,3.587236e-06,7.836492e-07,0.391759
874,92.6154,12.0000,9.2974,-26.5129,3.440577e-06,8.818960e-07,0.386921
875,94.6264,12.0000,8.6219,-33.1393,3.282447e-06,9.657316e-07,0.381138
876,96.6374,12.0000,7.9787,-39.4492,3.116756e-06,1.034384e-06,0.374355
877,98.6484,12.0000,7.3682,-45.4380,2.951735e-06,1.090501e-06,0.367263
878,100.6593,12.0000,6.7923,-51.0876,2.782647e-06,1.136897e-06,0.359624
879,102.6703,12.0000,6.2515,-56.3927,2.601148e-06,1.162792e-06,0.349168
880,104.6813,12.0000,5.7375,-61.4350,2.462749e-06,1.180479e-06,0.341302
881,106.6923,12.0000,5.2591,-66.1283,2.333590e-06,1.231550e-06,0.339663
882,108.7033,12.0000,4.8373,-70.2658,2.012746e-06,1.199607e-06,0.314252
883,110.7143,12.0000,4.3889,-74.6648,1.996318e-06,1.081869e-06,0.297849
884,112.7253,12.0000,3.9380,-79.0878,2.459164e-06,1.454369e-06,0.384687
885,114.7363,12.0000,3.8392,-80.0571,2.498329e-06,1.486536e-06,0.294524
886,116.7473,12.0000,3.3916,-84.4488,2.880594e-06,1.562277e-06,0.214813
887,118.7582,12.0000,2.0000,-98.1000,3.669798e-06,2.413116e-06,0.151575
888,36.3077,14.0000,28.0000,137.3400,3.803562e-06,-2.754262e-06,0.167352
889,38.3187,14.0000,26.4808,122.4364,2.923822e-06,-1.765214e-06,0.231520
890,40.3297,14.0000,26.0328,118.0418,2.546625e-06,-1.572276e-06,0.306304
891,42.3407,14.0000,25.9430,117.1604,2.553808e-06,-1.471640e-06,0.396265
892,44.3516,14.0000,25.4851,112.6692,2.028210e-06,-9.311181e-07,0.279058
893,46.3626,14.0000,25.1031,108.9211,1.620306e-06,-1.050491e-06,0.269540
894,48.3736,14.0000,24.7122,105.0866,1.820501e-06,-1.302253e-06,0.320680
895,50.3846,14.0000,24.3240,101.2781,2.256220e-06,-1.343347e-06,0.351379
896,52.3956,14.0000,23.8609,96.7353,2.411100e-06,-1.277539e-06,0.351454
897,54.4066,14.0000,23.3565,91.7873,2.554122e-06,-1.257119e-06,0.358640
898,56.4176,14.0000,22.8266,86.5890,2.732277e-06,-1.239132e-06,0.369118
899,58.4286,14.0000,22.2591,81.0214,2.903127e-06,-1.210501e-06,0.378278
900,60.4396,14.0000,21.6565,75.1107,3.086170e-06,-1.175119e-06,0.388219
901,62.4505,14.0000,21.0159,68.8261,3.278744e-06,-1.124948e-06,0.397986
902,64.4615,14.0000,20.3370,62.1664,3.475318e-06,-1.054464e-06,0.406874
903,66.4725,14.0000,19.6200,55.1318,3.662846e-06,-9.627328e-07,0.414173
904,68.4835,14.0000,18.8664,47.7398,3.837353e-06,-8.520945e-07,0.420248
905,70.4945,14.0000,18.0798,40.0225,3.995849e-06,-7.230577e-07,0.425330
906,72.5055,14.0000,17.2637,32.0166,4.132481e-06,-5.761549e-07,0.429405
907,74.5165,14.0000,16.4232,23.7714,4.241520e-06,-4.132628e-07,0.432529
908,76.5275,14.0000,15.5644,15.3463,4.317285e-06,-2.375432e-07,0.434738
909,78.5385,14.0000,14.6942,6.8105,4.355491e-06,-5.345670e-08,0.436086
910,80.5495,14.0000,13.8205,-1.7606,4.353780e-06,1.337116e-07,0.436605
911,82.5604,14.0000,12.9511,-10.2895,4.312082e-06,3.184007e-07,0.436290
912,84.5714,14.0000,12.0938,-18.7001,4.232432e-06,4.952774e-07,0.435081
913,86.5824,14.0000,11.2556,-26.9228,4.118922e-06,6.597105e-07,0.432903
914,88.5934,14.0000,10.4427,-34.8967,3.977278e-06,8.084723e-07,0.429726
915,90.6044,14.0000,9.6606,-42.5699,3.812355e-06,9.391809e-07,0.425375
916,92.6154,14.0000,8.9128,-49.9053,3.630397e-06,1.049543e-06,0.419712
917,94.6264,14.0000,8.2015,-56.8831,3.442897e-06,1.141805e-06,0.413474
918,96.6374,14.0000,7.5299,-63.4712,3.246055e-06,1.218823e-06,0.406299
919,98.6484,14.0000,6.8994,-69.6566,3.031910e-06,1.268019e-06,0.395586
920,100.6593,14.0000,6.3008,-75.5287,2.866215e-06,1.303944e-06,0.387686
921,102.6703,14.0000,5.7446,-80.9851,2.710232e-06,1.374905e-06,0.386561
922,104.6813,14.0000,5.2550,-85.7888,2.333661e-06,1.347161e-06,0.357701
923,106.6923,14.0000,4.7360,-90.8794,2.308382e-06,1.218518e-06,0.339589
924,108.7033,14.0000,4.2163,-95.9782,2.831385e-06,1.649356e-06,0.439170
925,110.7143,14.0000,4.1000,-97.1188,2.869635e-06,1.688317e-06,0.336109
926,112.7253,14.0000,3.5853,-102.1683,3.294010e-06,1.771028e-06,0.244600
927,114.7363,14.0000,2.0000,-117.7200,4.187241e-06,2.739995e-06,0.172415
928,40.3297,16.0000,28.0000,117.7200,4.450054e-06,-2.905354e-06,0.182974
929,42.3407,16.0000,26.3000,101.0435,3.545741e-06,-1.807326e-06,0.257931
930,44.3516,16.0000,25.6955,95.1127,2.111413e-06,-6.976536e-07,0.127297
931,46.3626,16.0000,25.4415,92.6214,2.623759e-06,-1.929880e-06,0.353595
932,48.3736,16.0000,25.4230,92.4396,2.854433e-06,-1.941450e-06,0.488514
933,50.3846,16.0000,24.9011,87.3200,2.300264e-06,-1.358407e-06,0.360106
934,52.3956,16.0000,24.3803,82.2103,2.330064e-06,-1.442812e-06,0.372149
935,54.4066,16.0000,23.9030,77.5280,2.666173e-06,-1.447639e-06,0.393785
936,56.4176,16.0000,23.3535,72.1378,2.774664e-06,-1.387984e-06,0.392612
937,58.4286,16.0000,22.7803,66.5148,2.916366e-06,-1.388648e-06,0.403014
938,60.4396,16.0000,22.1647,60.4761,3.137337e-06,-1.391650e-06,0.419911
939,62.4505,16.0000,21.5079,54.0324,3.411409e-06,-1.349400e-06,0.435484
940,64.4615,16.0000,20.7996,47.0843,3.650773e-06,-1.264977e-06,0.444600
941,66.4725,16.0000,20.0428,39.6595,3.874006e-06,-1.162339e-06,0.452248
942,68.4835,16.0000,19.2426,31.8103,4.091535e-06,-1.039028e-06,0.459380
943,70.4945,16.0000,18.4004,23.5479,4.292798e-06,-8.909851e-07,0.465304
944,72.5055,16.0000,17.5205,14.9163,4.471756e-06,-7.180281e-07,0.470205
945,74.5165,16.0000,16.6084,5.9687,4.617680e-06,-5.212372e-07,0.473947
946,76.5275,16.0000,15.6717,-3.2203,4.721173e-06,-3.047900e-07,0.476610
947,78.5385,16.0000,14.7196,-12.5603,4.774141e-06,-7.534821e-08,0.478232
948,80.5495,16.0000,13.7624,-21.9508,4.772715e-06,1.585769e-07,0.478902
949,82.5604,16.0000,12.8108,-31.2865,4.717554e-06,3.883566e-07,0.478677
950,84.5714,16.0000,11.8749,-40.4673,4.612730e-06,6.065237e-07,0.477516
951,86.5824,16.0000,10.9644,-49.3993,4.463326e-06,8.064326e-07,0.475123
952,88.5934,16.0000,10.0869,-58.0071,4.277834e-06,9.819231e-07,0.471215
953,90.6044,16.0000,9.2478,-66.2388,4.072324e-06,1.133017e-06,0.466513
954,92.6154,16.0000,8.4534,-74.0324,3.845127e-06,1.261309e-06,0.460376
955,94.6264,16.0000,7.7069,-81.3555,3.590215e-06,1.351066e-06,0.449770
956,96.6374,16.0000,6.9989,-88.3009,3.387871e-06,1.419408e-06,0.442252
957,98.6484,16.0000,6.3425,-94.7399,3.193996e-06,1.522997e-06,0.442005
958,100.6593,16.0000,5.7658,-100.3979,2.742974e-06,1.506602e-06,0.408950
959,102.6703,16.0000,5.1576,-106.3636,2.701728e-06,1.369406e-06,0.389157
960,104.6813,16.0000,4.5521,-112.3038,3.292227e-06,1.874791e-06,0.504325
961,106.6923,16.0000,4.4129,-113.6697,3.323844e-06,1.924203e-06,0.385743
962,108.7033,16.0000,3.8159,-119.5257,3.790295e-06,2.014942e-06,0.279937
963,110.7143,16.0000,2.0000,-137.3400,4.804107e-06,3.125473e-06,0.197094
964,46.3626,18.0000,28.0000,98.1000,5.271952e-06,-3.792049e-06,0.230911
965,48.3736,18.0000,25.8982,77.4810,4.068493e-06,-2.422135e-06,0.319783
966,50.3846,18.0000,25.2677,71.2964,3.576715e-06,-2.160334e-06,0.424588
967,52.3956,18.0000,25.1343,69.9874,3.606766e-06,-2.015449e-06,0.550257
968,54.4066,18.0000,24.4829,63.5976,2.907268e-06,-1.247554e-06,0.388065
969,56.4176,18.0000,23.9328,58.2007,2.364568e-06,-1.392175e-06,0.371259
970,58.4286,18.0000,23.3618,52.5994,2.674825e-06,-1.719120e-06,0.439898
971,60.4396,18.0000,22.7885,46.9755,3.328804e-06,-1.741293e-06,0.482845
972,62.4505,18.0000,22.1025,40.2452,3.585176e-06,-1.599922e-06,0.480878
973,64.4615,18.0000,21.3500,32.8637,3.823647e-06,-1.510073e-06,0.487766
974,66.4725,18.0000,20.5554,25.0681,4.108391e-06,-1.407963e-06,0.498626
975,68.4835,18.0000,19.7021,16.6979,4.370691e-06,-1.273092e-06,0.506423
976,70.4945,18.0000,18.7979,7.8270,4.630981e-06,-1.110769e-06,0.514299
977,72.5055,18.0000,17.8429,-1.5409,4.874348e-06,-9.113042e-07,0.521155
978,74.5165,18.0000,16.8442,-11.3380,5.083331e-06,-6.715886e-07,0.526607
979,76.5275,18.0000,15.8109,-21.4749,5.229540e-06,-3.983513e-07,0.529833
980,78.5385,18.0000,14.7554,-31.8297,5.303129e-06,-1.062654e-07,0.531587
981,80.5495,18.0000,13.6928,-42.2536,5.302333e-06,1.920211e-07,0.532471
982,82.5604,18.0000,12.6380,-52.6014,5.225221e-06,4.837336e-07,0.532232
983,84.5714,18.0000,11.6050,-62.7347,5.078778e-06,7.550989e-07,0.530636
984,86.5824,18.0000,10.6053,-72.5418,4.881943e-06,9.999531e-07,0.528318
985,88.5934,18.0000,9.6514,-81.8996,4.635380e-06,1.214676e-06,0.524105
986,90.6044,18.0000,8.7513,-90.7295,4.337026e-06,1.376415e-06,0.514312
987,92.6154,18.0000,7.8970,-99.1108,4.089231e-06,1.503924e-06,0.508029
988,94.6264,18.0000,7.1063,-106.8675,3.842823e-06,1.663888e-06,0.509318
989,96.6374,18.0000,6.4129,-113.6697,3.289268e-06,1.672972e-06,0.470984
990,98.6484,18.0000,5.6867,-120.7934,3.220557e-06,1.533164e-06,0.449728
991,100.6593,18.0000,4.9698,-127.8266,3.886958e-06,2.138049e-06,0.584521
992,102.6703,18.0000,4.7984,-129.5078,3.901420e-06,2.203850e-06,0.446613
993,104.6813,18.0000,4.0964,-136.3939,4.404730e-06,2.302157e-06,0.322746
994,106.6923,18.0000,2.0000,-156.9600,5.558653e-06,3.585675e-06,0.226835
995,50.3846,20.0000,28.0000,78.4800,6.238308e-06,-4.027976e-06,0.254724
996,52.3956,20.0000,25.6244,55.1754,4.997010e-06,-2.496738e-06,0.360300
997,54.4066,20.0000,24.7652,46.7468,3.044422e-06,-9.368037e-07,0.179494
998,56.4176,20.0000,24.3770,42.9382,3.836672e-06,-2.672450e-06,0.498559
999,58.4286,20.0000,24.3260,42.4382,4.209068e-06,-2.669914e-06,0.690040
1000,60.4396,20.0000,23.5510,34.8355,3.468115e-06,-1.806367e-06,0.506510
1001,62.4505,20.0000,22.7618,27.0929,3.568528e-06,-1.886069e-06,0.521291
1002,64.4615,20.0000,22.0254,19.8687,4.122808e-06,-1.833887e-06,0.552459
1003,66.4725,20.0000,21.1697,11.4745,4.346930e-06,-1.665670e-06,0.548078
1004,68.4835,20.0000,20.2686,2.6347,4.612946e-06,-1.558823e-06,0.557387
1005,70.4945,20.0000,19.2955,-6.9111,4.973563e-06,-1.427121e-06,0.574568
1006,72.5055,20.0000,18.2588,-17.0809,5.381218e-06,-1.199526e-06,0.590522
1007,74.5165,20.0000,17.1529,-27.9302,5.680090e-06,-8.843953e-07,0.596159
1008,76.5275,20.0000,15.9936,-39.3027,5.881885e-06,-5.296490e-07,0.598918
1009,78.5385,20.0000,14.8062,-50.9515,5.988318e-06,-1.492935e-07,0.600869
1010,80.5495,20.0000,13.6075,-62.7101,5.982139e-06,2.386673e-07,0.601365
1011,82.5604,20.0000,12.4195,-74.3646,5.878637e-06,6.172285e-07,0.601939
1012,84.5714,20.0000,11.2643,-85.6971,5.668813e-06,9.710048e-07,0.600482
1013,86.5824,20.0000,10.1605,-96.5256,5.353825e-06,1.260026e-06,0.592717
1014,88.5934,20.0000,9.1055,-106.8753,5.066346e-06,1.499207e-06,0.589440
1015,90.6044,20.0000,8.1277,-116.4673,4.753793e-06,1.763664e-06,0.593579
1016,92.6154,20.0000,7.2706,-124.8756,4.056194e-06,1.829074e-06,0.548441
1017,94.6264,20.0000,6.3800,-133.6119,3.941894e-06,1.702309e-06,0.526564
1018,96.6374,20.0000,5.5109,-142.1379,4.694141e-06,2.449329e-06,0.687209
1019,98.6484,20.0000,5.2918,-144.2876,4.671519e-06,2.542782e-06,0.524148
1020,100.6593,20.0000,4.4491,-152.5547,5.196577e-06,2.646696e-06,0.376325
1021,102.6703,20.0000,2.0000,-176.5800,6.515319e-06,4.148866e-06,0.263749
1022,56.4176,22.0000,28.0000,58.8600,7.630508e-06,-5.348752e-06,0.328502
1023,58.4286,22.0000,24.9820,29.2534,5.968813e-06,-3.380400e-06,0.457262
1024,60.4396,22.0000,24.0247,19.8621,5.396378e-06,-3.039919e-06,0.615617
1025,62.4505,22.0000,23.7904,17.5635,5.522340e-06,-2.813037e-06,0.802929
1026,64.4615,22.0000,22.7735,7.5881,4.629172e-06,-1.628372e-06,0.572485
1027,66.4725,22.0000,21.8889,-1.0896,3.927773e-06,-1.752746e-06,0.535314
1028,68.4835,22.0000,20.9416,-10.3825,4.490661e-06,-2.131801e-06,0.626431
1029,70.4945,22.0000,19.9735,-19.8800,5.602158e-06,-2.008957e-06,0.692929
1030,72.5055,22.0000,18.8189,-31.2063,6.060977e-06,-1.578780e-06,0.684885
1031,74.5165,22.0000,17.5551,-43.6046,6.421845e-06,-1.179248e-06,0.685913
1032,76.5275,22.0000,16.2433,-56.4733,6.746103e-06,-7.265955e-07,0.692092
1033,78.5385,22.0000,14.8747,-69.8995,6.905461e-06,-2.113763e-07,0.693924
1034,80.5495,22.0000,13.4996,-83.3889,6.895475e-06,3.209313e-07,0.694666
1035,82.5604,22.0000,12.1414,-96.7132,6.684549e-06,8.067174e-07,0.689284
1036,84.5714,22.0000,10.8163,-109.7118,6.446816e-06,1.249250e-06,0.692962
1037,86.5824,22.0000,9.5721,-121.9175,6.089577e-06,1.721264e-06,0.702621
1038,88.5934,22.0000,8.4744,-132.6859,5.195848e-06,1.917087e-06,0.648613
1039,90.6044,22.0000,7.3410,-143.8045,5.011032e-06,1.847063e-06,0.628863
1040,92.6154,22.0000,6.2508,-154.4996,5.861506e-06,2.818595e-06,0.825817
1041,94.6264,22.0000,5.9558,-157.3933,5.761410e-06,2.964362e-06,0.627997
1042,96.6374,22.0000,4.9125,-167.6281,6.270642e-06,3.070495e-06,0.446426
1043,98.6484,22.0000,2.0000,-196.2000,7.786362e-06,4.862734e-06,0.311460
1044,60.4396,24.0000,28.0000,39.2400,9.337081e-06,-5.829891e-06,0.373440
1045,62.4505,24.0000,24.4790,4.6985,7.592598e-06,-3.576692e-06,0.533921
1046,64.4615,24.0000,23.1437,-8.4002,4.915297e-06,-1.229134e-06,0.275076
1047,66.4725,24.0000,22.4265,-15.4356,6.408158e-06,-3.857012e-06,0.761317
1048,68.4835,24.0000,22.2452,-17.2141,7.169106e-06,-3.760716e-06,1.059695
1049,70.4945,24.0000,20.9070,-30.3419,6.192315e-06,-2.240280e-06,0.772155
1050,72.5055,24.0000,19.4877,-44.2654,6.541729e-06,-2.132061e-06,0.785334
1051,74.5165,24.0000,18.1356,-57.5295,7.595322e-06,-1.699934e-06,0.836511
1052,76.5275,24.0000,16.5728,-72.8607,7.948912e-06,-9.579149e-07,0.820971
1053,78.5385,24.0000,14.9901,-88.3869,8.043113e-06,-2.964741e-07,0.808795
1054,80.5495,24.0000,13.3368,-104.6058,8.141891e-06,3.698015e-07,0.820602
1055,82.5604,24.0000,11.7500,-120.1725,8.065895e-06,1.205116e-06,0.848793
1056,84.5714,24.0000,10.2925,-134.4701,6.990152e-06,1.730212e-06,0.783661
1057,86.5824,24.0000,8.7759,-149.3482,6.729604e-06,1.853130e-06,0.774863
1058,88.5934,24.0000,7.3383,-163.4510,7.699523e-06,3.237794e-06,1.027211
1059,90.6044,24.0000,6.9119,-167.6344,7.431083e-06,3.499997e-06,0.776897
1060,92.6154,24.0000,5.5588,-180.9086,7.828338e-06,3.605679e-06,0.543781
1061,94.6264,24.0000,2.0000,-215.8200,9.581689e-06,5.809858e-06,0.376519
1062,66.4725,26.0000,28.0000,19.6200,1.243595e-05,-8.134740e-06,0.511950
1063,68.4835,26.0000,23.1796,-27.6683,1.006801e-05,-4.972454e-06,0.724667
1064,70.4945,26.0000,21.4208,-44.9215,9.764269e-06,-4.549752e-06,1.014382
1065,72.5055,26.0000,20.8552,-50.4705,1.036281e-05,-4.043705e-06,1.348307
1066,74.5165,26.0000,18.8578,-70.0650,9.484198e-06,-1.605170e-06,1.013227
1067,76.5275,26.0000,17.0414,-87.8840,8.590690e-06,-1.074909e-06,0.891971
1068,78.5385,26.0000,15.0411,-107.5068,9.507338e-06,-6.775626e-07,0.969797
1069,80.5495,26.0000,13.3174,-124.4166,9.926315e-06,2.894111e-07,1.001052
1070,82.5604,26.0000,11.1560,-145.6192,9.809329e-06,1.227718e-06,1.019453
1071,84.5714,26.0000,9.1128,-165.6630,1.097453e-05,3.582265e-06,1.357062
1072,86.5824,26.0000,8.4277,-172.3839,1.029913e-05,4.169568e-06,1.013281
1073,88.5934,26.0000,6.5367,-190.9353,1.030809e-05,4.289622e-06,0.690931
1074,90.6044,26.0000,2.0000,-235.4400,1.233996e-05,7.141933e-06,0.471900
1075,70.4945,28.0000,28.0000,0.0000,1.665747e-05,-9.487503e-06,0.631230
1076,72.5055,28.0000,21.8660,-60.1741,1.409398e-05,-5.605590e-06,0.932100
1077,74.5165,28.0000,19.2259,-86.0739,1.060344e-05,-1.160097e-06,0.544612
1078,76.5275,28.0000,17.1505,-106.4336,1.532553e-05,-5.719903e-06,1.485804
1079,78.5385,28.0000,16.1842,-115.9131,1.818168e-05,-4.350379e-06,2.153820
1080,80.5495,28.0000,12.5392,-151.6704,1.811072e-05,3.158334e-06,2.061988
1081,82.5604,28.0000,11.2251,-164.5622,1.619650e-05,4.837413e-06,1.468836
1082,84.5714,28.0000,8.2114,-194.1266,1.486005e-05,5.101056e-06,0.945977
1083,86.5824,28.0000,2.0000,-255.0600,1.714694e-05,9.161530e-06,0.627372
1084,76.5275,30.0000,28.0000,-19.6200,2.892425e-05,-1.499793e-05,1.041743
1085,78.5385,30.0000,17.3330,-124.2629,2.600115e-05,-7.690049e-06,1.619010
1086,80.5495,30.0000,11.6961,-179.5614,2.522661e-05,6.101527e-06,1.506969
1087,82.5604,30.0000,2.0000,-274.6800,2.737515e-05,1.258522e-05,0.929701
